Workbook
Name bandera: INDEX(Hoja1!$D$6:$E$56,MATCH(FINAL!$Q$16,Hoja1!$D$6:$D$56,0),2)
Name CFcuatro: INDEX(Hoja1!$D$6:$E$120,MATCH('Cuartos de Final'!$K$19,Hoja1!$D$6:$D$120,0),2)
Name CFdos: INDEX(Hoja1!$D$6:$E$120,MATCH('Cuartos de Final'!$K$11,Hoja1!$D$6:$D$120,0),2)
Name CFtres: INDEX(Hoja1!$D$6:$E$120,MATCH('Cuartos de Final'!$K$15,Hoja1!$D$6:$D$120,0),2)
Name CFuno: INDEX(Hoja1!$D$6:$E$120,MATCH('Cuartos de Final'!$K$7,Hoja1!$D$6:$D$120,0),2)
Name copa: INDEX(Hoja1!$A$2:$B$5,MATCH(FINAL!$P$16,Hoja1!$A$2:$A$5,0),2)
Name dcatorce: INDEX(Hoja1!$D$6:$E$120,MATCH('16vos de Final'!$K$59,Hoja1!$D$6:$D$120,0),2)
Name ddiesies: INDEX(Hoja1!$D$6:$E$120,MATCH('16vos de Final'!$K$67,Hoja1!$D$6:$D$120,0),2)
Name ddiez: INDEX(Hoja1!$D$6:$E$120,MATCH('16vos de Final'!$K$43,Hoja1!$D$6:$D$120,0),2)
Name ddoce: INDEX(Hoja1!$D$6:$E$120,MATCH('16vos de Final'!$K$51,Hoja1!$D$6:$D$120,0),2)
Name donce: INDEX(Hoja1!$D$6:$E$120,MATCH('16vos de Final'!$K$47,Hoja1!$D$6:$D$120,0),2)
Name dquince: INDEX(Hoja1!$D$6:$E$120,MATCH('16vos de Final'!$K$63,Hoja1!$D$6:$D$120,0),2)
Name dtrece: INDEX(Hoja1!$D$6:$E$120,MATCH('16vos de Final'!$K$55,Hoja1!$D$6:$D$120,0),2)
Name OFcinco: INDEX(Hoja1!$D$6:$E$120,MATCH('16vos de Final'!$K$23,Hoja1!$D$6:$D$120,0),2)
Name OFcinco: INDEX(Hoja1!$D$6:$E$120,MATCH('Octavos de Final'!$K$23,Hoja1!$D$6:$D$120,0),2)
Name OFcuatro: INDEX(Hoja1!$D$6:$E$120,MATCH('16vos de Final'!$K$19,Hoja1!$D$6:$D$120,0),2)
Name OFcuatro: INDEX(Hoja1!$D$6:$E$120,MATCH('Octavos de Final'!$K$19,Hoja1!$D$6:$D$120,0),2)
Name OFdos: INDEX(Hoja1!$D$6:$E$120,MATCH('16vos de Final'!$K$11,Hoja1!$D$6:$D$120,0),2)
Name OFdos: INDEX(Hoja1!$D$6:$E$120,MATCH('Octavos de Final'!$K$11,Hoja1!$D$6:$D$120,0),2)
Name ofnueve: INDEX(Hoja1!$D$6:$E$120,MATCH('16vos de Final'!$K$39,Hoja1!$D$6:$D$120,0),2)
Name OFocho: INDEX(Hoja1!$D$6:$E$120,MATCH('16vos de Final'!$K$35,Hoja1!$D$6:$D$120,0),2)
Name OFocho: INDEX(Hoja1!$D$6:$E$120,MATCH('Octavos de Final'!$K$35,Hoja1!$D$6:$D$120,0),2)
Name OFseis: INDEX(Hoja1!$D$6:$E$120,MATCH('16vos de Final'!$K$27,Hoja1!$D$6:$D$120,0),2)
Name OFseis: INDEX(Hoja1!$D$6:$E$120,MATCH('Octavos de Final'!$K$27,Hoja1!$D$6:$D$120,0),2)
Name OFsiete: INDEX(Hoja1!$D$6:$E$120,MATCH('16vos de Final'!$K$31,Hoja1!$D$6:$D$120,0),2)
Name OFsiete: INDEX(Hoja1!$D$6:$E$120,MATCH('Octavos de Final'!$K$31,Hoja1!$D$6:$D$120,0),2)
Name OFtres: INDEX(Hoja1!$D$6:$E$120,MATCH('16vos de Final'!$K$15,Hoja1!$D$6:$D$120,0),2)
Name OFtres: INDEX(Hoja1!$D$6:$E$120,MATCH('Octavos de Final'!$K$15,Hoja1!$D$6:$D$120,0),2)
Name OFuno: INDEX(Hoja1!$D$6:$E$120,MATCH('16vos de Final'!$K$7,Hoja1!$D$6:$D$120,0),2)
Name OFuno: INDEX(Hoja1!$D$6:$E$120,MATCH('Octavos de Final'!$K$7,Hoja1!$D$6:$D$120,0),2)
Name SFdos: INDEX(Hoja1!$D$6:$E$120,MATCH(Semifinal!$K$11,Hoja1!$D$6:$D$120,0),2)
Name SFuno: INDEX(Hoja1!$D$6:$E$120,MATCH(Semifinal!$K$7,Hoja1!$D$6:$D$120,0),2)
Name TITULO: INDEX(Hoja1!$G$57:$H$60,MATCH(FINAL!$P$16,Hoja1!$G$57:$G$60,0),2)

Sheet menu
B1: POLLA MUNDIALISTA - 2026 -
C4: Nombre y Apellido: | D4: ROCHO Y MAO | I4: ← Recuerda que si vas a participar con mas de un archivo debes agregar un consecutivo al final Ej: Pedro Perez 1, Pedro Perez 2, etc.
C6: Pais: | D6: COL
F8: ← Digite Pais
C9: Plan de Puntos:
C11: PRIMERA FASE: | D11: Habrá un total de 72 partidos
D12: Por cada RESULTADO acertado (significa adivinar quien gano el partido y/o si quedaron empatados) obtendrá 10 puntos.
D13: Por cada MARCADOR acertado (significa adivinar el marcador independiente de cada Equipo) obtendrá 5 puntos.
D14: Total puntos en juego = 1.440
C16: DIECISEISAVOS: | D16: Clasificaran 32 equipos y habrán 16 encuentros.
D17: Por cada EQUIPO que usted acierte obtendrá 20 puntos. Puntos Posibles = 640
D18: Por cada ENCUENTRO que usted acierte obtendrá 20 puntos. Puntos posibles = 320
D19: Por cada MARCADOR que usted acierte obtendrá 10 puntos. Puntos posibles = 320
D20: Total puntos en juego = 1.280
C22: OCTAVOS: | D22: Clasificaran 16 equipos y habrán 8 encuentros.
D23: Por cada EQUIPO que usted acierte obtendrá 30 puntos. Puntos Posibles = 480
D24: Por cada ENCUENTRO que usted acierte obtendrá 20 puntos. Puntos posibles = 160
D25: Por cada MARCADOR que usted acierte obtendrá 10 puntos. Puntos posibles = 160
D26: Total puntos en juego = 800
C28: CUARTOS: | D28: Clasificaran 8 equipos y habrán 4 encuentros.
D29: Por cada EQUIPO que usted acierte obtendrá 40 puntos. Puntos Posibles = 320
D30: Por cada ENCUENTRO que usted acierte obtendrá 20 puntos. Puntos posibles = 80
D31: Por cada MARCADOR que usted acierte obtendrá 10 puntos. Puntos posibles = 80
D32: Total puntos en juego = 480
C34: SEMI FINAL: | D34: Clasificaran 4 equipos y habrán 2 encuentros.
D35: Por cada EQUIPO que usted acierte obtendrá 50 puntos. Puntos Posibles = 200
D36: Por cada ENCUENTRO que usted acierte obtendrá 20 puntos. Puntos posibles = 40
D37: Por cada MARCADOR que usted acierte obtendrá 10 puntos. Puntos posibles = 40
D38: Total puntos en juego = 280
C40: Partido de 3° Y 4° | D40: 2 equipos y habrá 1 encuentro.
D41: Por cada EQUIPO que usted acierte obtendrá 40 puntos. Puntos Posibles = 80
D42: Si acierta este ENCUENTRO obtendrá 20 puntos.
D43: Por cada MARCADOR que usted acierte obtendrá 10 puntos. Puntos posibles = 20 | K43: TOTAL PUNTOS = 5.000
D44: Total puntos en juego = 120
C46: FINAL: | D46: Clasificaran 2 equipos y habrá 1 encuentro.
D47: Por cada EQUIPO que usted acierte obtendrá 100 puntos. Puntos Posibles = 200
D48: Si acierta este ENCUENTRO obtendrá 20 puntos.
D49: Por cada MARCADOR que usted acierte obtendrá 10 puntos. Puntos posibles = 20
D50: Total puntos en juego = 240
C52: 2° 3° y 4° | D52: si acierta el 2° 100 ptos; si acierta el 3° 40 ptos; si acierta el 4° 20 ptos
C54: CAMPEÓN: | D54: Si acierta el EQUIPO campeón obtendrá 200 puntos
D89: COL
D90: PER
D91: ECU
D92: VEN
D93: MEX
D94: USA
D95: GUA
D96: Otro

Sheet - A -
B1: Primera Fase
C4: PROGRAMA DE PARTIDOS | Q4: GRUPO A
H5: Sede | I5: día | K5: hora | M5: obs
B6: =IF(OR(M6="finalizado",M6="en juego",M6="hoy!"),"Ø","") | C6: =IF(R7<>"",R7,"") -> México | D6: 3 | E6: - | F6: 0 | G6: =IF(R9<>"",R9,"") -> Sudáfrica | H6: Ciudad de México | I6: 46184 | K6: 0.58333333 | M6: =IF(OR(I6="",K6="",I6<$R$24),"",IF(I6=$R$24,IF(AND(K6<=$S$26,$S$26<=(K6+0.08333333333)),"en juego",IF($S$26<K6,"hoy!","finalizado")),IF($R$24>I6,"finalizado","")))
B7: =IF(OR(M7="finalizado",M7="en juego",M7="hoy!"),"Ø","") | C7: =IF(R11<>"",R11,"") -> Korea | D7: 0 | E7: - | F7: 2 | G7: =IF(R13<>"",R13,"") -> República Checa | H7: Guadalajara | I7: 46184 | K7: 0.875 | M7: =IF(OR(I7="",K7="",I7<$R$24),"",IF(I7=$R$24,IF(AND(K7<=$S$26,$S$26<=(K7+0.08333333333)),"en juego",IF($S$26<K7,"hoy!","finalizado")),IF($R$24>I7,"finalizado",""))) | R7: México
B8: =IF(OR(M8="finalizado",M8="en juego",M8="hoy!"),"Ø","") | C8: =IF(R13<>"",R13,"") -> República Checa | D8: 2 | E8: - | F8: 1 | G8: =IF(R9<>"",R9,"") -> Sudáfrica | H8: Atlanta | I8: 46191 | K8: 0.45833333 | M8: =IF(OR(I8="",K8="",I8<$R$24),"",IF(I8=$R$24,IF(AND(K8<=$S$26,$S$26<=(K8+0.08333333333)),"en juego",IF($S$26<K8,"hoy!","finalizado")),IF($R$24>I8,"finalizado","")))
B9: =IF(OR(M9="finalizado",M9="en juego",M9="hoy!"),"Ø","") | C9: =IF(R7<>"",R7,"") -> México | D9: 1 | E9: - | F9: 1 | G9: =IF(R11<>"",R11,"") -> Korea | H9: Guadalajara | I9: 46191 | K9: 0.83333333 | M9: =IF(OR(I9="",K9="",I9<$R$24),"",IF(I9=$R$24,IF(AND(K9<=$S$26,$S$26<=(K9+0.08333333333)),"en juego",IF($S$26<K9,"hoy!","finalizado")),IF($R$24>I9,"finalizado",""))) | R9: Sudáfrica
B10: =IF(OR(M10="finalizado",M10="en juego",M10="hoy!"),"Ø","") | C10: =IF(R13<>"",R13,"") -> República Checa | D10: 1 | E10: - | F10: 2 | G10: =IF(R7<>"",R7,"") -> México | H10: Ciudad de México | I10: 46197 | K10: 0.83333333 | M10: =IF(OR(I10="",K10="",I10<$R$24),"",IF(I10=$R$24,IF(AND(K10<=$S$26,$S$26<=(K10+0.08333333333)),"en juego",IF($S$26<K10,"hoy!","finalizado")),IF($R$24>I10,"finalizado","")))
B11: =IF(OR(M11="finalizado",M11="en juego",M11="hoy!"),"Ø","") | C11: =IF(R9<>"",R9,"") -> Sudáfrica | D11: 0 | E11: - | F11: 2 | G11: =IF(R11<>"",R11,"") -> Korea | H11: Monterrey | I11: 46197 | K11: 0.83333333 | M11: =IF(OR(I11="",K11="",I11<$R$24),"",IF(I11=$R$24,IF(AND(K11<=$S$26,$S$26<=(K11+0.08333333333)),"en juego",IF($S$26<K11,"hoy!","finalizado")),IF($R$24>I11,"finalizado",""))) | R11: Korea
C13: =IF(OR(menu!$D$4="",menu!$D$6=""),"Atencion ! Aun te falta poner tu nombre y Pais en la hoja INICIO","") | R13: República Checa
H15: POSICIONES
I16: J | J16: G | K16: E | L16: P | M16: GF | N16: GC | O16: DIF | P16: PTS
G17: Avanza a Dieciseisavos de final Ø | H17: =calculoA!F37 -> México | I17: =calculoA!G37 -> 3 | J17: =calculoA!H37 -> 2 | K17: =calculoA!I37 -> 1 | L17: =calculoA!J37 -> 0 | M17: =calculoA!K37 -> 6 | N17: =calculoA!L37 -> 2 | O17: =M17-N17 -> 4 | P17: =calculoA!M37 -> 7
G18: Avanza a Dieciseisavos de final Ø | H18: =calculoA!F38 -> República Checa | I18: =calculoA!G38 -> 3 | J18: =calculoA!H38 -> 2 | K18: =calculoA!I38 -> 0 | L18: =calculoA!J38 -> 1 | M18: =calculoA!K38 -> 5 | N18: =calculoA!L38 -> 3 | O18: =M18-N18 -> 2 | P18: =calculoA!M38 -> 6
G19: =IF('- 3ros -'!$H$16=144,IF(VLOOKUP(H19,mejores3!$C$21:$T$32,18,0)=1,"Avanza como Mejor tercero: --> ",""),"") -> Avanza como Mejor tercero: --> | H19: =calculoA!F39 -> Korea | I19: =calculoA!G39 -> 3 | J19: =calculoA!H39 -> 1 | K19: =calculoA!I39 -> 1 | L19: =calculoA!J39 -> 1 | M19: =calculoA!K39 -> 3 | N19: =calculoA!L39 -> 3 | O19: =M19-N19 -> 0 | P19: =calculoA!M39 -> 4
H20: =calculoA!F40 -> Sudáfrica | I20: =calculoA!G40 -> 3 | J20: =calculoA!H40 -> 0 | K20: =calculoA!I40 -> 0 | L20: =calculoA!J40 -> 3 | M20: =calculoA!K40 -> 1 | N20: =calculoA!L40 -> 7 | O20: =M20-N20 -> -6 | P20: =calculoA!M40 -> 0
I21: =SUM(I17:I20) -> 12
Q24: fecha y hora actual: | R24: =TODAY() -> 46178 | S24: =NOW() -> 46178.661
R25: =HOUR(S24) -> 15 | S25: =MINUTE(S24) -> 51
S26: =TIME(R25,S25,0) -> 0.66041667

Sheet - B -
B1: Primera Fase
C4: PROGRAMA DE PARTIDOS | Q4: GRUPO B
H5: Sede | I5: día | K5: hora | M5: obs
B6: =IF(OR(M6="finalizado",M6="en juego",M6="hoy!"),"Ø","") | C6: =IF(R7<>"",R7,"") -> Canadá | D6: 2 | E6: - | F6: 0 | G6: =IF(R9<>"",R9,"") -> Bosnia | H6: Toronto | I6: 46185 | K6: 0.58333333 | M6: =IF(OR(I6="",K6="",I6<$R$24),"",IF(I6=$R$24,IF(AND(K6<=$S$26,$S$26<=(K6+0.08333333333)),"en juego",IF($S$26<K6,"hoy!","finalizado")),IF($R$24>I6,"finalizado","")))
B7: =IF(OR(M7="finalizado",M7="en juego",M7="hoy!"),"Ø","") | C7: =IF(R13<>"",R13,"") -> Catar | D7: 0 | E7: - | F7: 3 | G7: =IF(R11<>"",R11,"") -> Suiza | H7: San Francisco | I7: 46186 | K7: 0.58333333 | M7: =IF(OR(I7="",K7="",I7<$R$24),"",IF(I7=$R$24,IF(AND(K7<=$S$26,$S$26<=(K7+0.08333333333)),"en juego",IF($S$26<K7,"hoy!","finalizado")),IF($R$24>I7,"finalizado",""))) | R7: Canadá
B8: =IF(OR(M8="finalizado",M8="en juego",M8="hoy!"),"Ø","") | C8: =IF(R11<>"",R11,"") -> Suiza | D8: 1 | E8: - | F8: 0 | G8: =IF(R9<>"",R9,"") -> Bosnia | H8: Los Ángeles | I8: 46191 | K8: 0.58333333 | M8: =IF(OR(I8="",K8="",I8<$R$24),"",IF(I8=$R$24,IF(AND(K8<=$S$26,$S$26<=(K8+0.08333333333)),"en juego",IF($S$26<K8,"hoy!","finalizado")),IF($R$24>I8,"finalizado","")))
B9: =IF(OR(M9="finalizado",M9="en juego",M9="hoy!"),"Ø","") | C9: =IF(R7<>"",R7,"") -> Canadá | D9: 1 | E9: - | F9: 1 | G9: =IF(R13<>"",R13,"") -> Catar | H9: Vancouver | I9: 46191 | K9: 0.70833333 | M9: =IF(OR(I9="",K9="",I9<$R$24),"",IF(I9=$R$24,IF(AND(K9<=$S$26,$S$26<=(K9+0.08333333333)),"en juego",IF($S$26<K9,"hoy!","finalizado")),IF($R$24>I9,"finalizado",""))) | R9: Bosnia
B10: =IF(OR(M10="finalizado",M10="en juego",M10="hoy!"),"Ø","") | C10: =IF(R11<>"",R11,"") -> Suiza | D10: 1 | E10: - | F10: 1 | G10: =IF(R7<>"",R7,"") -> Canadá | H10: Vancouver | I10: 46197 | K10: 0.58333333 | M10: =IF(OR(I10="",K10="",I10<$R$24),"",IF(I10=$R$24,IF(AND(K10<=$S$26,$S$26<=(K10+0.08333333333)),"en juego",IF($S$26<K10,"hoy!","finalizado")),IF($R$24>I10,"finalizado","")))
B11: =IF(OR(M11="finalizado",M11="en juego",M11="hoy!"),"Ø","") | C11: =IF(R9<>"",R9,"") -> Bosnia | D11: 3 | E11: - | F11: 1 | G11: =IF(R13<>"",R13,"") -> Catar | H11: Seattle | I11: 46197 | K11: 0.58333333 | M11: =IF(OR(I11="",K11="",I11<$R$24),"",IF(I11=$R$24,IF(AND(K11<=$S$26,$S$26<=(K11+0.08333333333)),"en juego",IF($S$26<K11,"hoy!","finalizado")),IF($R$24>I11,"finalizado",""))) | R11: Suiza
C13: =IF(OR(menu!$D$4="",menu!$D$6=""),"Atencion ! Aun te falta poner tu nombre y Pais en la hoja INICIO","") | R13: Catar
H15: POSICIONES
I16: J | J16: G | K16: E | L16: P | M16: GF | N16: GC | O16: DIF | P16: PTS
G17: Avanza a Dieciseisavos de final Ø | H17: =calculoB!F37 -> Suiza | I17: =calculoB!G37 -> 3 | J17: =calculoB!H37 -> 2 | K17: =calculoB!I37 -> 1 | L17: =calculoB!J37 -> 0 | M17: =calculoB!K37 -> 5 | N17: =calculoB!L37 -> 1 | O17: =M17-N17 -> 4 | P17: =calculoB!M37 -> 7
G18: Avanza a Dieciseisavos de final Ø | H18: =calculoB!F38 -> Canadá | I18: =calculoB!G38 -> 3 | J18: =calculoB!H38 -> 1 | K18: =calculoB!I38 -> 2 | L18: =calculoB!J38 -> 0 | M18: =calculoB!K38 -> 4 | N18: =calculoB!L38 -> 2 | O18: =M18-N18 -> 2 | P18: =calculoB!M38 -> 5
G19: =IF('- 3ros -'!$H$16=144,IF(VLOOKUP(H19,mejores3!$C$21:$T$32,18,0)=1,"Avanza como Mejor tercero: --> ",""),"") -> Avanza como Mejor tercero: --> | H19: =calculoB!F39 -> Bosnia | I19: =calculoB!G39 -> 3 | J19: =calculoB!H39 -> 1 | K19: =calculoB!I39 -> 0 | L19: =calculoB!J39 -> 2 | M19: =calculoB!K39 -> 3 | N19: =calculoB!L39 -> 4 | O19: =M19-N19 -> -1 | P19: =calculoB!M39 -> 3
H20: =calculoB!F40 -> Catar | I20: =calculoB!G40 -> 3 | J20: =calculoB!H40 -> 0 | K20: =calculoB!I40 -> 1 | L20: =calculoB!J40 -> 2 | M20: =calculoB!K40 -> 2 | N20: =calculoB!L40 -> 7 | O20: =M20-N20 -> -5 | P20: =calculoB!M40 -> 1
I21: =SUM(I17:I20) -> 12
Q24: fecha y hora actual: | R24: =TODAY() -> 46178 | S24: =NOW() -> 46178.661
R25: =HOUR(S24) -> 15 | S25: =MINUTE(S24) -> 51
S26: =TIME(R25,S25,0) -> 0.66041667

Sheet - C -
B1: Primera Fase
C4: PROGRAMA DE PARTIDOS | Q4: GRUPO C
H5: Sede | I5: día | K5: hora | M5: obs
B6: =IF(OR(M6="finalizado",M6="en juego",M6="hoy!"),"Ø","") | C6: =IF(R7<>"",R7,"") -> Brasil | D6: 2 | E6: - | F6: 1 | G6: =IF(R9<>"",R9,"") -> Marruecos | H6: Nueva York | I6: 46186 | K6: 0.70833333 | M6: =IF(OR(I6="",K6="",I6<$R$24),"",IF(I6=$R$24,IF(AND(K6<=$S$26,$S$26<=(K6+0.08333333333)),"en juego",IF($S$26<K6,"hoy!","finalizado")),IF($R$24>I6,"finalizado","")))
B7: =IF(OR(M7="finalizado",M7="en juego",M7="hoy!"),"Ø","") | C7: =IF(R11<>"",R11,"") -> Haití | D7: 0 | E7: - | F7: 3 | G7: =IF(R13<>"",R13,"") -> Escocia | H7: Boston | I7: 46186 | K7: 0.83333333 | M7: =IF(OR(I7="",K7="",I7<$R$24),"",IF(I7=$R$24,IF(AND(K7<=$S$26,$S$26<=(K7+0.08333333333)),"en juego",IF($S$26<K7,"hoy!","finalizado")),IF($R$24>I7,"finalizado",""))) | R7: Brasil
B8: =IF(OR(M8="finalizado",M8="en juego",M8="hoy!"),"Ø","") | C8: =IF(R13<>"",R13,"") -> Escocia | D8: 0 | E8: - | F8: 0 | G8: =IF(R9<>"",R9,"") -> Marruecos | H8: Boston | I8: 46192 | K8: 0.70833333 | M8: =IF(OR(I8="",K8="",I8<$R$24),"",IF(I8=$R$24,IF(AND(K8<=$S$26,$S$26<=(K8+0.08333333333)),"en juego",IF($S$26<K8,"hoy!","finalizado")),IF($R$24>I8,"finalizado","")))
B9: =IF(OR(M9="finalizado",M9="en juego",M9="hoy!"),"Ø","") | C9: =IF(R7<>"",R7,"") -> Brasil | D9: 3 | E9: - | F9: 0 | G9: =IF(R11<>"",R11,"") -> Haití | H9: Filadelfia | I9: 46192 | K9: 0.8125 | M9: =IF(OR(I9="",K9="",I9<$R$24),"",IF(I9=$R$24,IF(AND(K9<=$S$26,$S$26<=(K9+0.08333333333)),"en juego",IF($S$26<K9,"hoy!","finalizado")),IF($R$24>I9,"finalizado",""))) | R9: Marruecos
B10: =IF(OR(M10="finalizado",M10="en juego",M10="hoy!"),"Ø","") | C10: =IF(R13<>"",R13,"") -> Escocia | D10: 2 | E10: - | F10: 2 | G10: =IF(R7<>"",R7,"") -> Brasil | H10: Miami | I10: 46197 | K10: 0.70833333 | M10: =IF(OR(I10="",K10="",I10<$R$24),"",IF(I10=$R$24,IF(AND(K10<=$S$26,$S$26<=(K10+0.08333333333)),"en juego",IF($S$26<K10,"hoy!","finalizado")),IF($R$24>I10,"finalizado","")))
B11: =IF(OR(M11="finalizado",M11="en juego",M11="hoy!"),"Ø","") | C11: =IF(R9<>"",R9,"") -> Marruecos | D11: 1 | E11: - | F11: 0 | G11: =IF(R11<>"",R11,"") -> Haití | H11: Atlanta | I11: 46197 | K11: 0.70833333 | M11: =IF(OR(I11="",K11="",I11<$R$24),"",IF(I11=$R$24,IF(AND(K11<=$S$26,$S$26<=(K11+0.08333333333)),"en juego",IF($S$26<K11,"hoy!","finalizado")),IF($R$24>I11,"finalizado",""))) | R11: Haití
C13: =IF(OR(menu!$D$4="",menu!$D$6=""),"Atencion ! Aun te falta poner tu nombre y Pais en la hoja INICIO","") | R13: Escocia
H15: POSICIONES
I16: J | J16: G | K16: E | L16: P | M16: GF | N16: GC | O16: DIF | P16: PTS
G17: Avanza a Dieciseisavos de final Ø | H17: =calculoC!F37 -> Brasil | I17: =calculoC!G37 -> 3 | J17: =calculoC!H37 -> 2 | K17: =calculoC!I37 -> 1 | L17: =calculoC!J37 -> 0 | M17: =calculoC!K37 -> 7 | N17: =calculoC!L37 -> 3 | O17: =M17-N17 -> 4 | P17: =calculoC!M37 -> 7
G18: Avanza a Dieciseisavos de final Ø | H18: =calculoC!F38 -> Escocia | I18: =calculoC!G38 -> 3 | J18: =calculoC!H38 -> 1 | K18: =calculoC!I38 -> 2 | L18: =calculoC!J38 -> 0 | M18: =calculoC!K38 -> 5 | N18: =calculoC!L38 -> 2 | O18: =M18-N18 -> 3 | P18: =calculoC!M38 -> 5
G19: =IF('- 3ros -'!$H$16=144,IF(VLOOKUP(H19,mejores3!$C$21:$T$32,18,0)=1,"Avanza como Mejor tercero: --> ",""),"") -> Avanza como Mejor tercero: --> | H19: =calculoC!F39 -> Marruecos | I19: =calculoC!G39 -> 3 | J19: =calculoC!H39 -> 1 | K19: =calculoC!I39 -> 1 | L19: =calculoC!J39 -> 1 | M19: =calculoC!K39 -> 2 | N19: =calculoC!L39 -> 2 | O19: =M19-N19 -> 0 | P19: =calculoC!M39 -> 4
H20: =calculoC!F40 -> Haití | I20: =calculoC!G40 -> 3 | J20: =calculoC!H40 -> 0 | K20: =calculoC!I40 -> 0 | L20: =calculoC!J40 -> 3 | M20: =calculoC!K40 -> 0 | N20: =calculoC!L40 -> 7 | O20: =M20-N20 -> -7 | P20: =calculoC!M40 -> 0
I21: =SUM(I17:I20) -> 12
Q24: fecha y hora actual: | R24: =TODAY() -> 46178 | S24: =NOW() -> 46178.661
R25: =HOUR(S24) -> 15 | S25: =MINUTE(S24) -> 51
S26: =TIME(R25,S25,0) -> 0.66041667

Sheet - D -
B1: Primera Fase
C4: PROGRAMA DE PARTIDOS | Q4: GRUPO D
H5: Sede | I5: día | K5: hora | M5: obs
B6: =IF(OR(M6="finalizado",M6="en juego",M6="hoy!"),"Ø","") | C6: =IF(R7<>"",R7,"") -> EE. UU. | D6: 1 | E6: - | F6: 0 | G6: =IF(R9<>"",R9,"") -> Paraguay | H6: Los Ángeles | I6: 46185 | K6: 0.83333333 | M6: =IF(OR(I6="",K6="",I6<$R$24),"",IF(I6=$R$24,IF(AND(K6<=$S$26,$S$26<=(K6+0.08333333333)),"en juego",IF($S$26<K6,"hoy!","finalizado")),IF($R$24>I6,"finalizado","")))
B7: =IF(OR(M7="finalizado",M7="en juego",M7="hoy!"),"Ø","") | C7: =IF(R11<>"",R11,"") -> Australia | D7: 1 | E7: - | F7: 2 | G7: =IF(R13<>"",R13,"") -> Turquía | H7: Vancouver | I7: 46186 | K7: 0.95833333 | M7: =IF(OR(I7="",K7="",I7<$R$24),"",IF(I7=$R$24,IF(AND(K7<=$S$26,$S$26<=(K7+0.08333333333)),"en juego",IF($S$26<K7,"hoy!","finalizado")),IF($R$24>I7,"finalizado",""))) | R7: EE. UU.
B8: =IF(OR(M8="finalizado",M8="en juego",M8="hoy!"),"Ø","") | C8: =IF(R7<>"",R7,"") -> EE. UU. | D8: 2 | E8: - | F8: 1 | G8: =IF(R11<>"",R11,"") -> Australia | H8: Seattle | I8: 46192 | K8: 0.58333333 | M8: =IF(OR(I8="",K8="",I8<$R$24),"",IF(I8=$R$24,IF(AND(K8<=$S$26,$S$26<=(K8+0.08333333333)),"en juego",IF($S$26<K8,"hoy!","finalizado")),IF($R$24>I8,"finalizado","")))
B9: =IF(OR(M9="finalizado",M9="en juego",M9="hoy!"),"Ø","") | C9: =IF(R13<>"",R13,"") -> Turquía | D9: 1 | E9: - | F9: 0 | G9: =IF(R9<>"",R9,"") -> Paraguay | H9: San Francisco | I9: 46192 | K9: 0.91666667 | M9: =IF(OR(I9="",K9="",I9<$R$24),"",IF(I9=$R$24,IF(AND(K9<=$S$26,$S$26<=(K9+0.08333333333)),"en juego",IF($S$26<K9,"hoy!","finalizado")),IF($R$24>I9,"finalizado",""))) | R9: Paraguay
B10: =IF(OR(M10="finalizado",M10="en juego",M10="hoy!"),"Ø","") | C10: =IF(R13<>"",R13,"") -> Turquía | D10: 0 | E10: - | F10: 0 | G10: =IF(R7<>"",R7,"") -> EE. UU. | H10: Los Ángeles | I10: 46198 | K10: 0.875 | M10: =IF(OR(I10="",K10="",I10<$R$24),"",IF(I10=$R$24,IF(AND(K10<=$S$26,$S$26<=(K10+0.08333333333)),"en juego",IF($S$26<K10,"hoy!","finalizado")),IF($R$24>I10,"finalizado","")))
B11: =IF(OR(M11="finalizado",M11="en juego",M11="hoy!"),"Ø","") | C11: =IF(R9<>"",R9,"") -> Paraguay | D11: 2 | E11: - | F11: 0 | G11: =IF(R11<>"",R11,"") -> Australia | H11: San Francisco | I11: 46198 | K11: 0.875 | M11: =IF(OR(I11="",K11="",I11<$R$24),"",IF(I11=$R$24,IF(AND(K11<=$S$26,$S$26<=(K11+0.08333333333)),"en juego",IF($S$26<K11,"hoy!","finalizado")),IF($R$24>I11,"finalizado",""))) | R11: Australia
C13: =IF(OR(menu!$D$4="",menu!$D$6=""),"Atencion ! Aun te falta poner tu nombre y Pais en la hoja INICIO","") | R13: Turquía
H15: POSICIONES
I16: J | J16: G | K16: E | L16: P | M16: GF | N16: GC | O16: DIF | P16: PTS
G17: Avanza a Dieciseisavos de final Ø | H17: =calculoD!F37 -> EE. UU. | I17: =calculoD!G37 -> 3 | J17: =calculoD!H37 -> 2 | K17: =calculoD!I37 -> 1 | L17: =calculoD!J37 -> 0 | M17: =calculoD!K37 -> 3 | N17: =calculoD!L37 -> 1 | O17: =M17-N17 -> 2 | P17: =calculoD!M37 -> 7
G18: Avanza a Dieciseisavos de final Ø | H18: =calculoD!F38 -> Turquía | I18: =calculoD!G38 -> 3 | J18: =calculoD!H38 -> 2 | K18: =calculoD!I38 -> 1 | L18: =calculoD!J38 -> 0 | M18: =calculoD!K38 -> 3 | N18: =calculoD!L38 -> 1 | O18: =M18-N18 -> 2 | P18: =calculoD!M38 -> 7
G19: =IF('- 3ros -'!$H$16=144,IF(VLOOKUP(H19,mejores3!$C$21:$T$32,18,0)=1,"Avanza como Mejor tercero: --> ",""),"") -> Avanza como Mejor tercero: --> | H19: =calculoD!F39 -> Paraguay | I19: =calculoD!G39 -> 3 | J19: =calculoD!H39 -> 1 | K19: =calculoD!I39 -> 0 | L19: =calculoD!J39 -> 2 | M19: =calculoD!K39 -> 2 | N19: =calculoD!L39 -> 2 | O19: =M19-N19 -> 0 | P19: =calculoD!M39 -> 3
H20: =calculoD!F40 -> Australia | I20: =calculoD!G40 -> 3 | J20: =calculoD!H40 -> 0 | K20: =calculoD!I40 -> 0 | L20: =calculoD!J40 -> 3 | M20: =calculoD!K40 -> 2 | N20: =calculoD!L40 -> 6 | O20: =M20-N20 -> -4 | P20: =calculoD!M40 -> 0
I21: =SUM(I17:I20) -> 12
Q24: fecha y hora actual: | R24: =TODAY() -> 46178 | S24: =NOW() -> 46178.661
R25: =HOUR(S24) -> 15 | S25: =MINUTE(S24) -> 51
S26: =TIME(R25,S25,0) -> 0.66041667

Sheet - E -
B1: Primera Fase
C4: PROGRAMA DE PARTIDOS | Q4: GRUPO E
H5: Sede | I5: día | K5: hora | M5: obs
B6: =IF(OR(M6="finalizado",M6="en juego",M6="hoy!"),"Ø","") | C6: =IF(R7<>"",R7,"") -> Alemania | D6: 4 | E6: - | F6: 0 | G6: =IF(R9<>"",R9,"") -> Curazao | H6: Houston | I6: 46187 | K6: 0.5 | M6: =IF(OR(I6="",K6="",I6<$R$24),"",IF(I6=$R$24,IF(AND(K6<=$S$26,$S$26<=(K6+0.08333333333)),"en juego",IF($S$26<K6,"hoy!","finalizado")),IF($R$24>I6,"finalizado","")))
B7: =IF(OR(M7="finalizado",M7="en juego",M7="hoy!"),"Ø","") | C7: =IF(R11<>"",R11,"") -> Costa de Marfil | D7: 1 | E7: - | F7: 1 | G7: =IF(R13<>"",R13,"") -> Ecuador | H7: Filadelfia | I7: 46187 | K7: 0.75 | M7: =IF(OR(I7="",K7="",I7<$R$24),"",IF(I7=$R$24,IF(AND(K7<=$S$26,$S$26<=(K7+0.08333333333)),"en juego",IF($S$26<K7,"hoy!","finalizado")),IF($R$24>I7,"finalizado",""))) | R7: Alemania
B8: =IF(OR(M8="finalizado",M8="en juego",M8="hoy!"),"Ø","") | C8: =IF(R7<>"",R7,"") -> Alemania | D8: 3 | E8: - | F8: 0 | G8: =IF(R11<>"",R11,"") -> Costa de Marfil | H8: Toronto | I8: 46193 | K8: 0.625 | M8: =IF(OR(I8="",K8="",I8<$R$24),"",IF(I8=$R$24,IF(AND(K8<=$S$26,$S$26<=(K8+0.08333333333)),"en juego",IF($S$26<K8,"hoy!","finalizado")),IF($R$24>I8,"finalizado","")))
B9: =IF(OR(M9="finalizado",M9="en juego",M9="hoy!"),"Ø","") | C9: =IF(R13<>"",R13,"") -> Ecuador | D9: 2 | E9: - | F9: 0 | G9: =IF(R9<>"",R9,"") -> Curazao | H9: Kansas City | I9: 46193 | K9: 0.79166667 | M9: =IF(OR(I9="",K9="",I9<$R$24),"",IF(I9=$R$24,IF(AND(K9<=$S$26,$S$26<=(K9+0.08333333333)),"en juego",IF($S$26<K9,"hoy!","finalizado")),IF($R$24>I9,"finalizado",""))) | R9: Curazao
B10: =IF(OR(M10="finalizado",M10="en juego",M10="hoy!"),"Ø","") | C10: =IF(R9<>"",R9,"") -> Curazao | D10: 1 | E10: - | F10: 2 | G10: =IF(R11<>"",R11,"") -> Costa de Marfil | H10: Filadelfia | I10: 46198 | K10: 0.625 | M10: =IF(OR(I10="",K10="",I10<$R$24),"",IF(I10=$R$24,IF(AND(K10<=$S$26,$S$26<=(K10+0.08333333333)),"en juego",IF($S$26<K10,"hoy!","finalizado")),IF($R$24>I10,"finalizado","")))
B11: =IF(OR(M11="finalizado",M11="en juego",M11="hoy!"),"Ø","") | C11: =IF(R13<>"",R13,"") -> Ecuador | D11: 0 | E11: - | F11: 2 | G11: =IF(R7<>"",R7,"") -> Alemania | H11: Nueva York | I11: 46198 | K11: 0.625 | M11: =IF(OR(I11="",K11="",I11<$R$24),"",IF(I11=$R$24,IF(AND(K11<=$S$26,$S$26<=(K11+0.08333333333)),"en juego",IF($S$26<K11,"hoy!","finalizado")),IF($R$24>I11,"finalizado",""))) | R11: Costa de Marfil
C13: =IF(OR(menu!$D$4="",menu!$D$6=""),"Atencion ! Aun te falta poner tu nombre y Pais en la hoja INICIO","") | R13: Ecuador
H15: POSICIONES
I16: J | J16: G | K16: E | L16: P | M16: GF | N16: GC | O16: DIF | P16: PTS
G17: Avanza a Dieciseisavos de final Ø | H17: =calculoE!F37 -> Alemania | I17: =calculoE!G37 -> 3 | J17: =calculoE!H37 -> 3 | K17: =calculoE!I37 -> 0 | L17: =calculoE!J37 -> 0 | M17: =calculoE!K37 -> 9 | N17: =calculoE!L37 -> 0 | O17: =M17-N17 -> 9 | P17: =calculoE!M37 -> 9
G18: Avanza a Dieciseisavos de final Ø | H18: =calculoE!F38 -> Ecuador | I18: =calculoE!G38 -> 3 | J18: =calculoE!H38 -> 1 | K18: =calculoE!I38 -> 1 | L18: =calculoE!J38 -> 1 | M18: =calculoE!K38 -> 3 | N18: =calculoE!L38 -> 3 | O18: =M18-N18 -> 0 | P18: =calculoE!M38 -> 4
G19: =IF('- 3ros -'!$H$16=144,IF(VLOOKUP(H19,mejores3!$C$21:$T$32,18,0)=1,"Avanza como Mejor tercero: --> ",""),"") -> Avanza como Mejor tercero: --> | H19: =calculoE!F39 -> Costa de Marfil | I19: =calculoE!G39 -> 3 | J19: =calculoE!H39 -> 1 | K19: =calculoE!I39 -> 1 | L19: =calculoE!J39 -> 1 | M19: =calculoE!K39 -> 3 | N19: =calculoE!L39 -> 5 | O19: =M19-N19 -> -2 | P19: =calculoE!M39 -> 4
H20: =calculoE!F40 -> Curazao | I20: =calculoE!G40 -> 3 | J20: =calculoE!H40 -> 0 | K20: =calculoE!I40 -> 0 | L20: =calculoE!J40 -> 3 | M20: =calculoE!K40 -> 1 | N20: =calculoE!L40 -> 8 | O20: =M20-N20 -> -7 | P20: =calculoE!M40 -> 0
I21: =SUM(I17:I20) -> 12
Q24: fecha y hora actual: | R24: =TODAY() -> 46178 | S24: =NOW() -> 46178.661
R25: =HOUR(S24) -> 15 | S25: =MINUTE(S24) -> 51
S26: =TIME(R25,S25,0) -> 0.66041667

Sheet - F -
B1: Primera Fase
C4: PROGRAMA DE PARTIDOS | Q4: GRUPO F
H5: Sede | I5: día | K5: hora | M5: obs
B6: =IF(OR(M6="finalizado",M6="en juego",M6="hoy!"),"Ø","") | C6: =IF(R7<>"",R7,"") -> Países Bajos | D6: 1 | E6: - | F6: 1 | G6: =IF(R9<>"",R9,"") -> Japón | H6: Dallas | I6: 46187 | K6: 0.625 | M6: =IF(OR(I6="",K6="",I6<$R$24),"",IF(I6=$R$24,IF(AND(K6<=$S$26,$S$26<=(K6+0.08333333333)),"en juego",IF($S$26<K6,"hoy!","finalizado")),IF($R$24>I6,"finalizado","")))
B7: =IF(OR(M7="finalizado",M7="en juego",M7="hoy!"),"Ø","") | C7: =IF(R11<>"",R11,"") -> Suecia | D7: 2 | E7: - | F7: 0 | G7: =IF(R13<>"",R13,"") -> Túnez | H7: Monterrey | I7: 46187 | K7: 0.875 | M7: =IF(OR(I7="",K7="",I7<$R$24),"",IF(I7=$R$24,IF(AND(K7<=$S$26,$S$26<=(K7+0.08333333333)),"en juego",IF($S$26<K7,"hoy!","finalizado")),IF($R$24>I7,"finalizado",""))) | R7: Países Bajos
B8: =IF(OR(M8="finalizado",M8="en juego",M8="hoy!"),"Ø","") | C8: =IF(R7<>"",R7,"") -> Países Bajos | D8: 2 | E8: - | F8: 1 | G8: =IF(R11<>"",R11,"") -> Suecia | H8: Houston | I8: 46193 | K8: 0.5 | M8: =IF(OR(I8="",K8="",I8<$R$24),"",IF(I8=$R$24,IF(AND(K8<=$S$26,$S$26<=(K8+0.08333333333)),"en juego",IF($S$26<K8,"hoy!","finalizado")),IF($R$24>I8,"finalizado","")))
B9: =IF(OR(M9="finalizado",M9="en juego",M9="hoy!"),"Ø","") | C9: =IF(R13<>"",R13,"") -> Túnez | D9: 0 | E9: - | F9: 0 | G9: =IF(R9<>"",R9,"") -> Japón | H9: Monterrey | I9: 46193 | K9: 0.95833333 | M9: =IF(OR(I9="",K9="",I9<$R$24),"",IF(I9=$R$24,IF(AND(K9<=$S$26,$S$26<=(K9+0.08333333333)),"en juego",IF($S$26<K9,"hoy!","finalizado")),IF($R$24>I9,"finalizado",""))) | R9: Japón
B10: =IF(OR(M10="finalizado",M10="en juego",M10="hoy!"),"Ø","") | C10: =IF(R9<>"",R9,"") -> Japón | D10: 2 | E10: - | F10: 0 | G10: =IF(R11<>"",R11,"") -> Suecia | H10: Dallas | I10: 46198 | K10: 0.75 | M10: =IF(OR(I10="",K10="",I10<$R$24),"",IF(I10=$R$24,IF(AND(K10<=$S$26,$S$26<=(K10+0.08333333333)),"en juego",IF($S$26<K10,"hoy!","finalizado")),IF($R$24>I10,"finalizado","")))
B11: =IF(OR(M11="finalizado",M11="en juego",M11="hoy!"),"Ø","") | C11: =IF(R13<>"",R13,"") -> Túnez | D11: 0 | E11: - | F11: 3 | G11: =IF(R7<>"",R7,"") -> Países Bajos | H11: Kansas City | I11: 46198 | K11: 0.75 | M11: =IF(OR(I11="",K11="",I11<$R$24),"",IF(I11=$R$24,IF(AND(K11<=$S$26,$S$26<=(K11+0.08333333333)),"en juego",IF($S$26<K11,"hoy!","finalizado")),IF($R$24>I11,"finalizado",""))) | R11: Suecia
C13: =IF(OR(menu!$D$4="",menu!$D$6=""),"Atencion ! Aun te falta poner tu nombre y Pais en la hoja INICIO","") | R13: Túnez
H15: POSICIONES
I16: J | J16: G | K16: E | L16: P | M16: GF | N16: GC | O16: DIF | P16: PTS
G17: Avanza a Dieciseisavos de final Ø | H17: =calculoF!F37 -> Países Bajos | I17: =calculoF!G37 -> 3 | J17: =calculoF!H37 -> 2 | K17: =calculoF!I37 -> 1 | L17: =calculoF!J37 -> 0 | M17: =calculoF!K37 -> 6 | N17: =calculoF!L37 -> 2 | O17: =M17-N17 -> 4 | P17: =calculoF!M37 -> 7
G18: Avanza a Dieciseisavos de final Ø | H18: =calculoF!F38 -> Japón | I18: =calculoF!G38 -> 3 | J18: =calculoF!H38 -> 1 | K18: =calculoF!I38 -> 2 | L18: =calculoF!J38 -> 0 | M18: =calculoF!K38 -> 3 | N18: =calculoF!L38 -> 1 | O18: =M18-N18 -> 2 | P18: =calculoF!M38 -> 5
G19: =IF('- 3ros -'!$H$16=144,IF(VLOOKUP(H19,mejores3!$C$21:$T$32,18,0)=1,"Avanza como Mejor tercero: --> ",""),"") -> Avanza como Mejor tercero: --> | H19: =calculoF!F39 -> Suecia | I19: =calculoF!G39 -> 3 | J19: =calculoF!H39 -> 1 | K19: =calculoF!I39 -> 0 | L19: =calculoF!J39 -> 2 | M19: =calculoF!K39 -> 3 | N19: =calculoF!L39 -> 4 | O19: =M19-N19 -> -1 | P19: =calculoF!M39 -> 3
H20: =calculoF!F40 -> Túnez | I20: =calculoF!G40 -> 3 | J20: =calculoF!H40 -> 0 | K20: =calculoF!I40 -> 1 | L20: =calculoF!J40 -> 2 | M20: =calculoF!K40 -> 0 | N20: =calculoF!L40 -> 5 | O20: =M20-N20 -> -5 | P20: =calculoF!M40 -> 1
I21: =SUM(I17:I20) -> 12
Q24: fecha y hora actual: | R24: =TODAY() -> 46178 | S24: =NOW() -> 46178.661
R25: =HOUR(S24) -> 15 | S25: =MINUTE(S24) -> 51
S26: =TIME(R25,S25,0) -> 0.66041667

Sheet - G -
B1: Primera Fase
C4: PROGRAMA DE PARTIDOS | Q4: GRUPO G
H5: Sede | I5: día | K5: hora | M5: obs
B6: =IF(OR(M6="finalizado",M6="en juego",M6="hoy!"),"Ø","") | C6: =IF(R7<>"",R7,"") -> Bélgica | D6: 2 | E6: - | F6: 0 | G6: =IF(R9<>"",R9,"") -> Egipto | H6: Seattle | I6: 46188 | K6: 0.58333333 | M6: =IF(OR(I6="",K6="",I6<$R$24),"",IF(I6=$R$24,IF(AND(K6<=$S$26,$S$26<=(K6+0.08333333333)),"en juego",IF($S$26<K6,"hoy!","finalizado")),IF($R$24>I6,"finalizado","")))
B7: =IF(OR(M7="finalizado",M7="en juego",M7="hoy!"),"Ø","") | C7: =IF(R11<>"",R11,"") -> Irán | D7: 1 | E7: - | F7: 0 | G7: =IF(R13<>"",R13,"") -> Nueva Zelanda | H7: Los Ángeles | I7: 46188 | K7: 0.83333333 | M7: =IF(OR(I7="",K7="",I7<$R$24),"",IF(I7=$R$24,IF(AND(K7<=$S$26,$S$26<=(K7+0.08333333333)),"en juego",IF($S$26<K7,"hoy!","finalizado")),IF($R$24>I7,"finalizado",""))) | R7: Bélgica
B8: =IF(OR(M8="finalizado",M8="en juego",M8="hoy!"),"Ø","") | C8: =IF(R7<>"",R7,"") -> Bélgica | D8: 1 | E8: - | F8: 0 | G8: =IF(R11<>"",R11,"") -> Irán | H8: Los Ángeles | I8: 46194 | K8: 0.58333333 | M8: =IF(OR(I8="",K8="",I8<$R$24),"",IF(I8=$R$24,IF(AND(K8<=$S$26,$S$26<=(K8+0.08333333333)),"en juego",IF($S$26<K8,"hoy!","finalizado")),IF($R$24>I8,"finalizado","")))
B9: =IF(OR(M9="finalizado",M9="en juego",M9="hoy!"),"Ø","") | C9: =IF(R13<>"",R13,"") -> Nueva Zelanda | D9: 0 | E9: - | F9: 3 | G9: =IF(R9<>"",R9,"") -> Egipto | H9: Vancouver | I9: 46194 | K9: 0.83333333 | M9: =IF(OR(I9="",K9="",I9<$R$24),"",IF(I9=$R$24,IF(AND(K9<=$S$26,$S$26<=(K9+0.08333333333)),"en juego",IF($S$26<K9,"hoy!","finalizado")),IF($R$24>I9,"finalizado",""))) | R9: Egipto
B10: =IF(OR(M10="finalizado",M10="en juego",M10="hoy!"),"Ø","") | C10: =IF(R9<>"",R9,"") -> Egipto | D10: 1 | E10: - | F10: 1 | G10: =IF(R11<>"",R11,"") -> Irán | H10: Seattle | I10: 46199 | K10: 0.91666667 | M10: =IF(OR(I10="",K10="",I10<$R$24),"",IF(I10=$R$24,IF(AND(K10<=$S$26,$S$26<=(K10+0.08333333333)),"en juego",IF($S$26<K10,"hoy!","finalizado")),IF($R$24>I10,"finalizado","")))
B11: =IF(OR(M11="finalizado",M11="en juego",M11="hoy!"),"Ø","") | C11: =IF(R13<>"",R13,"") -> Nueva Zelanda | D11: 1 | E11: - | F11: 1 | G11: =IF(R7<>"",R7,"") -> Bélgica | H11: Vancouver | I11: 46199 | K11: 0.91666667 | M11: =IF(OR(I11="",K11="",I11<$R$24),"",IF(I11=$R$24,IF(AND(K11<=$S$26,$S$26<=(K11+0.08333333333)),"en juego",IF($S$26<K11,"hoy!","finalizado")),IF($R$24>I11,"finalizado",""))) | R11: Irán
C13: =IF(OR(menu!$D$4="",menu!$D$6=""),"Atencion ! Aun te falta poner tu nombre y Pais en la hoja INICIO","") | R13: Nueva Zelanda
H15: POSICIONES
I16: J | J16: G | K16: E | L16: P | M16: GF | N16: GC | O16: DIF | P16: PTS
G17: Avanza a Dieciseisavos de final Ø | H17: =calculoG!F37 -> Bélgica | I17: =calculoG!G37 -> 3 | J17: =calculoG!H37 -> 2 | K17: =calculoG!I37 -> 1 | L17: =calculoG!J37 -> 0 | M17: =calculoG!K37 -> 4 | N17: =calculoG!L37 -> 1 | O17: =M17-N17 -> 3 | P17: =calculoG!M37 -> 7
G18: Avanza a Dieciseisavos de final Ø | H18: =calculoG!F38 -> Egipto | I18: =calculoG!G38 -> 3 | J18: =calculoG!H38 -> 1 | K18: =calculoG!I38 -> 1 | L18: =calculoG!J38 -> 1 | M18: =calculoG!K38 -> 4 | N18: =calculoG!L38 -> 3 | O18: =M18-N18 -> 1 | P18: =calculoG!M38 -> 4
G19: =IF('- 3ros -'!$H$16=144,IF(VLOOKUP(H19,mejores3!$C$21:$T$32,18,0)=1,"Avanza como Mejor tercero: --> ",""),"") -> Avanza como Mejor tercero: --> | H19: =calculoG!F39 -> Irán | I19: =calculoG!G39 -> 3 | J19: =calculoG!H39 -> 1 | K19: =calculoG!I39 -> 1 | L19: =calculoG!J39 -> 1 | M19: =calculoG!K39 -> 2 | N19: =calculoG!L39 -> 2 | O19: =M19-N19 -> 0 | P19: =calculoG!M39 -> 4
H20: =calculoG!F40 -> Nueva Zelanda | I20: =calculoG!G40 -> 3 | J20: =calculoG!H40 -> 0 | K20: =calculoG!I40 -> 1 | L20: =calculoG!J40 -> 2 | M20: =calculoG!K40 -> 1 | N20: =calculoG!L40 -> 5 | O20: =M20-N20 -> -4 | P20: =calculoG!M40 -> 1
I21: =SUM(I17:I20) -> 12
Q24: fecha y hora actual: | R24: =TODAY() -> 46178 | S24: =NOW() -> 46178.661
R25: =HOUR(S24) -> 15 | S25: =MINUTE(S24) -> 51
S26: =TIME(R25,S25,0) -> 0.66041667

Sheet - H -
B1: Primera Fase
C4: PROGRAMA DE PARTIDOS | Q4: GRUPO H
H5: Sede | I5: día | K5: hora | M5: obs
B6: =IF(OR(M6="finalizado",M6="en juego",M6="hoy!"),"Ø","") | C6: =IF(R7<>"",R7,"") -> España | D6: 4 | E6: - | F6: 0 | G6: =IF(R9<>"",R9,"") -> Cabo Verde | H6: Atlanta | I6: 46188 | K6: 0.45833333 | M6: =IF(OR(I6="",K6="",I6<$R$24),"",IF(I6=$R$24,IF(AND(K6<=$S$26,$S$26<=(K6+0.08333333333)),"en juego",IF($S$26<K6,"hoy!","finalizado")),IF($R$24>I6,"finalizado","")))
B7: =IF(OR(M7="finalizado",M7="en juego",M7="hoy!"),"Ø","") | C7: =IF(R11<>"",R11,"") -> Arabia Saudí | D7: 0 | E7: - | F7: 1 | G7: =IF(R13<>"",R13,"") -> Uruguay | H7: Miami | I7: 46188 | K7: 0.70833333 | M7: =IF(OR(I7="",K7="",I7<$R$24),"",IF(I7=$R$24,IF(AND(K7<=$S$26,$S$26<=(K7+0.08333333333)),"en juego",IF($S$26<K7,"hoy!","finalizado")),IF($R$24>I7,"finalizado",""))) | R7: España
B8: =IF(OR(M8="finalizado",M8="en juego",M8="hoy!"),"Ø","") | C8: =IF(R7<>"",R7,"") -> España | D8: 2 | E8: - | F8: 0 | G8: =IF(R11<>"",R11,"") -> Arabia Saudí | H8: Atlanta | I8: 46194 | K8: 0.45833333 | M8: =IF(OR(I8="",K8="",I8<$R$24),"",IF(I8=$R$24,IF(AND(K8<=$S$26,$S$26<=(K8+0.08333333333)),"en juego",IF($S$26<K8,"hoy!","finalizado")),IF($R$24>I8,"finalizado","")))
B9: =IF(OR(M9="finalizado",M9="en juego",M9="hoy!"),"Ø","") | C9: =IF(R13<>"",R13,"") -> Uruguay | D9: 3 | E9: - | F9: 0 | G9: =IF(R9<>"",R9,"") -> Cabo Verde | H9: Miami | I9: 46194 | K9: 0.70833333 | M9: =IF(OR(I9="",K9="",I9<$R$24),"",IF(I9=$R$24,IF(AND(K9<=$S$26,$S$26<=(K9+0.08333333333)),"en juego",IF($S$26<K9,"hoy!","finalizado")),IF($R$24>I9,"finalizado",""))) | R9: Cabo Verde
B10: =IF(OR(M10="finalizado",M10="en juego",M10="hoy!"),"Ø","") | C10: =IF(R9<>"",R9,"") -> Cabo Verde | D10: 2 | E10: - | F10: 1 | G10: =IF(R11<>"",R11,"") -> Arabia Saudí | H10: Houston | I10: 46199 | K10: 0.79166667 | M10: =IF(OR(I10="",K10="",I10<$R$24),"",IF(I10=$R$24,IF(AND(K10<=$S$26,$S$26<=(K10+0.08333333333)),"en juego",IF($S$26<K10,"hoy!","finalizado")),IF($R$24>I10,"finalizado","")))
B11: =IF(OR(M11="finalizado",M11="en juego",M11="hoy!"),"Ø","") | C11: =IF(R13<>"",R13,"") -> Uruguay | D11: 0 | E11: - | F11: 1 | G11: =IF(R7<>"",R7,"") -> España | H11: Guadalajara | I11: 46199 | K11: 0.79166667 | M11: =IF(OR(I11="",K11="",I11<$R$24),"",IF(I11=$R$24,IF(AND(K11<=$S$26,$S$26<=(K11+0.08333333333)),"en juego",IF($S$26<K11,"hoy!","finalizado")),IF($R$24>I11,"finalizado",""))) | R11: Arabia Saudí
C13: =IF(OR(menu!$D$4="",menu!$D$6=""),"Atencion ! Aun te falta poner tu nombre y Pais en la hoja INICIO","") | R13: Uruguay
H15: POSICIONES
I16: J | J16: G | K16: E | L16: P | M16: GF | N16: GC | O16: DIF | P16: PTS
G17: Avanza a Dieciseisavos de final Ø | H17: =calculoH!F37 -> España | I17: =calculoH!G37 -> 3 | J17: =calculoH!H37 -> 3 | K17: =calculoH!I37 -> 0 | L17: =calculoH!J37 -> 0 | M17: =calculoH!K37 -> 7 | N17: =calculoH!L37 -> 0 | O17: =M17-N17 -> 7 | P17: =calculoH!M37 -> 9
G18: Avanza a Dieciseisavos de final Ø | H18: =calculoH!F38 -> Uruguay | I18: =calculoH!G38 -> 3 | J18: =calculoH!H38 -> 2 | K18: =calculoH!I38 -> 0 | L18: =calculoH!J38 -> 1 | M18: =calculoH!K38 -> 4 | N18: =calculoH!L38 -> 1 | O18: =M18-N18 -> 3 | P18: =calculoH!M38 -> 6
G19: =IF('- 3ros -'!$H$16=144,IF(VLOOKUP(H19,mejores3!$C$21:$T$32,18,0)=1,"Avanza como Mejor tercero: --> ",""),"") | H19: =calculoH!F39 -> Cabo Verde | I19: =calculoH!G39 -> 3 | J19: =calculoH!H39 -> 1 | K19: =calculoH!I39 -> 0 | L19: =calculoH!J39 -> 2 | M19: =calculoH!K39 -> 2 | N19: =calculoH!L39 -> 8 | O19: =M19-N19 -> -6 | P19: =calculoH!M39 -> 3
H20: =calculoH!F40 -> Arabia Saudí | I20: =calculoH!G40 -> 3 | J20: =calculoH!H40 -> 0 | K20: =calculoH!I40 -> 0 | L20: =calculoH!J40 -> 3 | M20: =calculoH!K40 -> 1 | N20: =calculoH!L40 -> 5 | O20: =M20-N20 -> -4 | P20: =calculoH!M40 -> 0
I21: =SUM(I17:I20) -> 12
Q24: fecha y hora actual: | R24: =TODAY() -> 46178 | S24: =NOW() -> 46178.661
R25: =HOUR(S24) -> 15 | S25: =MINUTE(S24) -> 51
S26: =TIME(R25,S25,0) -> 0.66041667

Sheet - I -
B1: Primera Fase
C4: PROGRAMA DE PARTIDOS | Q4: GRUPO I
H5: Sede | I5: día | K5: hora | M5: obs
B6: =IF(OR(M6="finalizado",M6="en juego",M6="hoy!"),"Ø","") | C6: =IF(R7<>"",R7,"") -> Francia | D6: 2 | E6: - | F6: 0 | G6: =IF(R9<>"",R9,"") -> Senegal | H6: Nueva York | I6: 46189 | K6: 0.58333333 | M6: =IF(OR(I6="",K6="",I6<$R$24),"",IF(I6=$R$24,IF(AND(K6<=$S$26,$S$26<=(K6+0.08333333333)),"en juego",IF($S$26<K6,"hoy!","finalizado")),IF($R$24>I6,"finalizado","")))
B7: =IF(OR(M7="finalizado",M7="en juego",M7="hoy!"),"Ø","") | C7: =IF(R11<>"",R11,"") -> Irak | D7: 0 | E7: - | F7: 2 | G7: =IF(R13<>"",R13,"") -> Noruega | H7: Boston | I7: 46189 | K7: 0.70833333 | M7: =IF(OR(I7="",K7="",I7<$R$24),"",IF(I7=$R$24,IF(AND(K7<=$S$26,$S$26<=(K7+0.08333333333)),"en juego",IF($S$26<K7,"hoy!","finalizado")),IF($R$24>I7,"finalizado",""))) | R7: Francia
B8: =IF(OR(M8="finalizado",M8="en juego",M8="hoy!"),"Ø","") | C8: =IF(R7<>"",R7,"") -> Francia | D8: 4 | E8: - | F8: 0 | G8: =IF(R11<>"",R11,"") -> Irak | H8: Filadelfia | I8: 46195 | K8: 0.66666667 | M8: =IF(OR(I8="",K8="",I8<$R$24),"",IF(I8=$R$24,IF(AND(K8<=$S$26,$S$26<=(K8+0.08333333333)),"en juego",IF($S$26<K8,"hoy!","finalizado")),IF($R$24>I8,"finalizado","")))
B9: =IF(OR(M9="finalizado",M9="en juego",M9="hoy!"),"Ø","") | C9: =IF(R13<>"",R13,"") -> Noruega | D9: 1 | E9: - | F9: 1 | G9: =IF(R9<>"",R9,"") -> Senegal | H9: Nueva York | I9: 46195 | K9: 0.79166667 | M9: =IF(OR(I9="",K9="",I9<$R$24),"",IF(I9=$R$24,IF(AND(K9<=$S$26,$S$26<=(K9+0.08333333333)),"en juego",IF($S$26<K9,"hoy!","finalizado")),IF($R$24>I9,"finalizado",""))) | R9: Senegal
B10: =IF(OR(M10="finalizado",M10="en juego",M10="hoy!"),"Ø","") | C10: =IF(R13<>"",R13,"") -> Noruega | D10: 1 | E10: - | F10: 3 | G10: =IF(R7<>"",R7,"") -> Francia | H10: Boston | I10: 46199 | K10: 0.58333333 | M10: =IF(OR(I10="",K10="",I10<$R$24),"",IF(I10=$R$24,IF(AND(K10<=$S$26,$S$26<=(K10+0.08333333333)),"en juego",IF($S$26<K10,"hoy!","finalizado")),IF($R$24>I10,"finalizado","")))
B11: =IF(OR(M11="finalizado",M11="en juego",M11="hoy!"),"Ø","") | C11: =IF(R9<>"",R9,"") -> Senegal | D11: 2 | E11: - | F11: 1 | G11: =IF(R11<>"",R11,"") -> Irak | H11: Toronto | I11: 46199 | K11: 0.58333333 | M11: =IF(OR(I11="",K11="",I11<$R$24),"",IF(I11=$R$24,IF(AND(K11<=$S$26,$S$26<=(K11+0.08333333333)),"en juego",IF($S$26<K11,"hoy!","finalizado")),IF($R$24>I11,"finalizado",""))) | R11: Irak
C13: =IF(OR(menu!$D$4="",menu!$D$6=""),"Atencion ! Aun te falta poner tu nombre y Pais en la hoja INICIO","") | R13: Noruega
H15: POSICIONES
I16: J | J16: G | K16: E | L16: P | M16: GF | N16: GC | O16: DIF | P16: PTS
G17: Avanza a Dieciseisavos de final Ø | H17: =calculoI!F37 -> Francia | I17: =calculoI!G37 -> 3 | J17: =calculoI!H37 -> 3 | K17: =calculoI!I37 -> 0 | L17: =calculoI!J37 -> 0 | M17: =calculoI!K37 -> 9 | N17: =calculoI!L37 -> 1 | O17: =M17-N17 -> 8 | P17: =calculoI!M37 -> 9
G18: Avanza a Dieciseisavos de final Ø | H18: =calculoI!F38 -> Noruega | I18: =calculoI!G38 -> 3 | J18: =calculoI!H38 -> 1 | K18: =calculoI!I38 -> 1 | L18: =calculoI!J38 -> 1 | M18: =calculoI!K38 -> 4 | N18: =calculoI!L38 -> 4 | O18: =M18-N18 -> 0 | P18: =calculoI!M38 -> 4
G19: =IF('- 3ros -'!$H$16=144,IF(VLOOKUP(H19,mejores3!$C$21:$T$32,18,0)=1,"Avanza como Mejor tercero: --> ",""),"") -> Avanza como Mejor tercero: --> | H19: =calculoI!F39 -> Senegal | I19: =calculoI!G39 -> 3 | J19: =calculoI!H39 -> 1 | K19: =calculoI!I39 -> 1 | L19: =calculoI!J39 -> 1 | M19: =calculoI!K39 -> 3 | N19: =calculoI!L39 -> 4 | O19: =M19-N19 -> -1 | P19: =calculoI!M39 -> 4
H20: =calculoI!F40 -> Irak | I20: =calculoI!G40 -> 3 | J20: =calculoI!H40 -> 0 | K20: =calculoI!I40 -> 0 | L20: =calculoI!J40 -> 3 | M20: =calculoI!K40 -> 1 | N20: =calculoI!L40 -> 8 | O20: =M20-N20 -> -7 | P20: =calculoI!M40 -> 0
I21: =SUM(I17:I20) -> 12
Q24: fecha y hora actual: | R24: =TODAY() -> 46178 | S24: =NOW() -> 46178.661
R25: =HOUR(S24) -> 15 | S25: =MINUTE(S24) -> 51
S26: =TIME(R25,S25,0) -> 0.66041667

Sheet - J -
B1: Primera Fase
C4: PROGRAMA DE PARTIDOS | Q4: GRUPO J
H5: Sede | I5: día | K5: hora | M5: obs
B6: =IF(OR(M6="finalizado",M6="en juego",M6="hoy!"),"Ø","") | C6: =IF(R7<>"",R7,"") -> Argentina | D6: 2 | E6: - | F6: 0 | G6: =IF(R9<>"",R9,"") -> Argelia | H6: Kansas City | I6: 46189 | K6: 0.83333333 | M6: =IF(OR(I6="",K6="",I6<$R$24),"",IF(I6=$R$24,IF(AND(K6<=$S$26,$S$26<=(K6+0.08333333333)),"en juego",IF($S$26<K6,"hoy!","finalizado")),IF($R$24>I6,"finalizado","")))
B7: =IF(OR(M7="finalizado",M7="en juego",M7="hoy!"),"Ø","") | C7: =IF(R11<>"",R11,"") -> Austria | D7: 2 | E7: - | F7: 1 | G7: =IF(R13<>"",R13,"") -> Jordania | H7: San Francisco | I7: 46189 | K7: 0.95833333 | M7: =IF(OR(I7="",K7="",I7<$R$24),"",IF(I7=$R$24,IF(AND(K7<=$S$26,$S$26<=(K7+0.08333333333)),"en juego",IF($S$26<K7,"hoy!","finalizado")),IF($R$24>I7,"finalizado",""))) | R7: Argentina
B8: =IF(OR(M8="finalizado",M8="en juego",M8="hoy!"),"Ø","") | C8: =IF(R7<>"",R7,"") -> Argentina | D8: 1 | E8: - | F8: 0 | G8: =IF(R11<>"",R11,"") -> Austria | H8: Dallas | I8: 46195 | K8: 0.5 | M8: =IF(OR(I8="",K8="",I8<$R$24),"",IF(I8=$R$24,IF(AND(K8<=$S$26,$S$26<=(K8+0.08333333333)),"en juego",IF($S$26<K8,"hoy!","finalizado")),IF($R$24>I8,"finalizado","")))
B9: =IF(OR(M9="finalizado",M9="en juego",M9="hoy!"),"Ø","") | C9: =IF(R13<>"",R13,"") -> Jordania | D9: 1 | E9: - | F9: 1 | G9: =IF(R9<>"",R9,"") -> Argelia | H9: San Francisco | I9: 46195 | K9: 0.91666667 | M9: =IF(OR(I9="",K9="",I9<$R$24),"",IF(I9=$R$24,IF(AND(K9<=$S$26,$S$26<=(K9+0.08333333333)),"en juego",IF($S$26<K9,"hoy!","finalizado")),IF($R$24>I9,"finalizado",""))) | R9: Argelia
B10: =IF(OR(M10="finalizado",M10="en juego",M10="hoy!"),"Ø","") | C10: =IF(R9<>"",R9,"") -> Argelia | D10: 0 | E10: - | F10: 2 | G10: =IF(R11<>"",R11,"") -> Austria | H10: Kansas City | I10: 46200 | K10: 0.875 | M10: =IF(OR(I10="",K10="",I10<$R$24),"",IF(I10=$R$24,IF(AND(K10<=$S$26,$S$26<=(K10+0.08333333333)),"en juego",IF($S$26<K10,"hoy!","finalizado")),IF($R$24>I10,"finalizado","")))
B11: =IF(OR(M11="finalizado",M11="en juego",M11="hoy!"),"Ø","") | C11: =IF(R13<>"",R13,"") -> Jordania | D11: 1 | E11: - | F11: 3 | G11: =IF(R7<>"",R7,"") -> Argentina | H11: Dallas | I11: 46200 | K11: 0.875 | M11: =IF(OR(I11="",K11="",I11<$R$24),"",IF(I11=$R$24,IF(AND(K11<=$S$26,$S$26<=(K11+0.08333333333)),"en juego",IF($S$26<K11,"hoy!","finalizado")),IF($R$24>I11,"finalizado",""))) | R11: Austria
C13: =IF(OR(menu!$D$4="",menu!$D$6=""),"Atencion ! Aun te falta poner tu nombre y Pais en la hoja INICIO","") | R13: Jordania
H15: POSICIONES
I16: J | J16: G | K16: E | L16: P | M16: GF | N16: GC | O16: DIF | P16: PTS
G17: Avanza a Dieciseisavos de final Ø | H17: =calculoJ!F37 -> Argentina | I17: =calculoJ!G37 -> 3 | J17: =calculoJ!H37 -> 3 | K17: =calculoJ!I37 -> 0 | L17: =calculoJ!J37 -> 0 | M17: =calculoJ!K37 -> 6 | N17: =calculoJ!L37 -> 1 | O17: =M17-N17 -> 5 | P17: =calculoJ!M37 -> 9
G18: Avanza a Dieciseisavos de final Ø | H18: =calculoJ!F38 -> Austria | I18: =calculoJ!G38 -> 3 | J18: =calculoJ!H38 -> 2 | K18: =calculoJ!I38 -> 0 | L18: =calculoJ!J38 -> 1 | M18: =calculoJ!K38 -> 4 | N18: =calculoJ!L38 -> 2 | O18: =M18-N18 -> 2 | P18: =calculoJ!M38 -> 6
G19: =IF('- 3ros -'!$H$16=144,IF(VLOOKUP(H19,mejores3!$C$21:$T$32,18,0)=1,"Avanza como Mejor tercero: --> ",""),"") | H19: =calculoJ!F39 -> Jordania | I19: =calculoJ!G39 -> 3 | J19: =calculoJ!H39 -> 0 | K19: =calculoJ!I39 -> 1 | L19: =calculoJ!J39 -> 2 | M19: =calculoJ!K39 -> 3 | N19: =calculoJ!L39 -> 6 | O19: =M19-N19 -> -3 | P19: =calculoJ!M39 -> 1
H20: =calculoJ!F40 -> Argelia | I20: =calculoJ!G40 -> 3 | J20: =calculoJ!H40 -> 0 | K20: =calculoJ!I40 -> 1 | L20: =calculoJ!J40 -> 2 | M20: =calculoJ!K40 -> 1 | N20: =calculoJ!L40 -> 5 | O20: =M20-N20 -> -4 | P20: =calculoJ!M40 -> 1
I21: =SUM(I17:I20) -> 12
Q24: fecha y hora actual: | R24: =TODAY() -> 46178 | S24: =NOW() -> 46178.661
R25: =HOUR(S24) -> 15 | S25: =MINUTE(S24) -> 51
S26: =TIME(R25,S25,0) -> 0.66041667

Sheet - K -
B1: Primera Fase
C4: PROGRAMA DE PARTIDOS | Q4: GRUPO K
H5: Sede | I5: día | K5: hora | M5: obs
B6: =IF(OR(M6="finalizado",M6="en juego",M6="hoy!"),"Ø","") | C6: =IF(R7<>"",R7,"") -> Portugal | D6: 4 | E6: - | F6: 0 | G6: =IF(R9<>"",R9,"") -> RD Congo | H6: Houston | I6: 46190 | K6: 0.5 | M6: =IF(OR(I6="",K6="",I6<$R$24),"",IF(I6=$R$24,IF(AND(K6<=$S$26,$S$26<=(K6+0.08333333333)),"en juego",IF($S$26<K6,"hoy!","finalizado")),IF($R$24>I6,"finalizado","")))
B7: =IF(OR(M7="finalizado",M7="en juego",M7="hoy!"),"Ø","") | C7: =IF(R11<>"",R11,"") -> Uzbekistán | D7: 0 | E7: - | F7: 3 | G7: =IF(R13<>"",R13,"") -> Colombia | H7: Ciudad de México | I7: 46190 | K7: 0.875 | M7: =IF(OR(I7="",K7="",I7<$R$24),"",IF(I7=$R$24,IF(AND(K7<=$S$26,$S$26<=(K7+0.08333333333)),"en juego",IF($S$26<K7,"hoy!","finalizado")),IF($R$24>I7,"finalizado",""))) | R7: Portugal
B8: =IF(OR(M8="finalizado",M8="en juego",M8="hoy!"),"Ø","") | C8: =IF(R7<>"",R7,"") -> Portugal | D8: 3 | E8: - | F8: 0 | G8: =IF(R11<>"",R11,"") -> Uzbekistán | H8: Houston | I8: 46196 | K8: 0.5 | M8: =IF(OR(I8="",K8="",I8<$R$24),"",IF(I8=$R$24,IF(AND(K8<=$S$26,$S$26<=(K8+0.08333333333)),"en juego",IF($S$26<K8,"hoy!","finalizado")),IF($R$24>I8,"finalizado","")))
B9: =IF(OR(M9="finalizado",M9="en juego",M9="hoy!"),"Ø","") | C9: =IF(R13<>"",R13,"") -> Colombia | D9: 2 | E9: - | F9: 0 | G9: =IF(R9<>"",R9,"") -> RD Congo | H9: Guadalajara | I9: 46196 | K9: 0.875 | M9: =IF(OR(I9="",K9="",I9<$R$24),"",IF(I9=$R$24,IF(AND(K9<=$S$26,$S$26<=(K9+0.08333333333)),"en juego",IF($S$26<K9,"hoy!","finalizado")),IF($R$24>I9,"finalizado",""))) | R9: RD Congo
B10: =IF(OR(M10="finalizado",M10="en juego",M10="hoy!"),"Ø","") | C10: =IF(R13<>"",R13,"") -> Colombia | D10: 1 | E10: - | F10: 2 | G10: =IF(R7<>"",R7,"") -> Portugal | H10: Miami | I10: 46200 | K10: 0.77083333 | M10: =IF(OR(I10="",K10="",I10<$R$24),"",IF(I10=$R$24,IF(AND(K10<=$S$26,$S$26<=(K10+0.08333333333)),"en juego",IF($S$26<K10,"hoy!","finalizado")),IF($R$24>I10,"finalizado","")))
B11: =IF(OR(M11="finalizado",M11="en juego",M11="hoy!"),"Ø","") | C11: =IF(R9<>"",R9,"") -> RD Congo | D11: 1 | E11: - | F11: 0 | G11: =IF(R11<>"",R11,"") -> Uzbekistán | H11: Atlanta | I11: 46200 | K11: 0.77083333 | M11: =IF(OR(I11="",K11="",I11<$R$24),"",IF(I11=$R$24,IF(AND(K11<=$S$26,$S$26<=(K11+0.08333333333)),"en juego",IF($S$26<K11,"hoy!","finalizado")),IF($R$24>I11,"finalizado",""))) | R11: Uzbekistán
C13: =IF(OR(menu!$D$4="",menu!$D$6=""),"Atencion ! Aun te falta poner tu nombre y Pais en la hoja INICIO","") | R13: Colombia
H15: POSICIONES
I16: J | J16: G | K16: E | L16: P | M16: GF | N16: GC | O16: DIF | P16: PTS
G17: Avanza a Dieciseisavos de final Ø | H17: =calculoK!F37 -> Portugal | I17: =calculoK!G37 -> 3 | J17: =calculoK!H37 -> 3 | K17: =calculoK!I37 -> 0 | L17: =calculoK!J37 -> 0 | M17: =calculoK!K37 -> 9 | N17: =calculoK!L37 -> 1 | O17: =M17-N17 -> 8 | P17: =calculoK!M37 -> 9
G18: Avanza a Dieciseisavos de final Ø | H18: =calculoK!F38 -> Colombia | I18: =calculoK!G38 -> 3 | J18: =calculoK!H38 -> 2 | K18: =calculoK!I38 -> 0 | L18: =calculoK!J38 -> 1 | M18: =calculoK!K38 -> 6 | N18: =calculoK!L38 -> 2 | O18: =M18-N18 -> 4 | P18: =calculoK!M38 -> 6
G19: =IF('- 3ros -'!$H$16=144,IF(VLOOKUP(H19,mejores3!$C$21:$T$32,18,0)=1,"Avanza como Mejor tercero: --> ",""),"") | H19: =calculoK!F39 -> RD Congo | I19: =calculoK!G39 -> 3 | J19: =calculoK!H39 -> 1 | K19: =calculoK!I39 -> 0 | L19: =calculoK!J39 -> 2 | M19: =calculoK!K39 -> 1 | N19: =calculoK!L39 -> 6 | O19: =M19-N19 -> -5 | P19: =calculoK!M39 -> 3
H20: =calculoK!F40 -> Uzbekistán | I20: =calculoK!G40 -> 3 | J20: =calculoK!H40 -> 0 | K20: =calculoK!I40 -> 0 | L20: =calculoK!J40 -> 3 | M20: =calculoK!K40 -> 0 | N20: =calculoK!L40 -> 7 | O20: =M20-N20 -> -7 | P20: =calculoK!M40 -> 0
I21: =SUM(I17:I20) -> 12
Q24: fecha y hora actual: | R24: =TODAY() -> 46178 | S24: =NOW() -> 46178.661
R25: =HOUR(S24) -> 15 | S25: =MINUTE(S24) -> 51
S26: =TIME(R25,S25,0) -> 0.66041667

Sheet - L -
B1: Primera Fase
C4: PROGRAMA DE PARTIDOS | Q4: GRUPO L
H5: Sede | I5: día | K5: hora | M5: obs
B6: =IF(OR(M6="finalizado",M6="en juego",M6="hoy!"),"Ø","") | C6: =IF(R7<>"",R7,"") -> Inglaterra | D6: 1 | E6: - | F6: 0 | G6: =IF(R9<>"",R9,"") -> Croacia | H6: Dallas | I6: 46190 | K6: 0.625 | M6: =IF(OR(I6="",K6="",I6<$R$24),"",IF(I6=$R$24,IF(AND(K6<=$S$26,$S$26<=(K6+0.08333333333)),"en juego",IF($S$26<K6,"hoy!","finalizado")),IF($R$24>I6,"finalizado","")))
B7: =IF(OR(M7="finalizado",M7="en juego",M7="hoy!"),"Ø","") | C7: =IF(R11<>"",R11,"") -> Ghana | D7: 1 | E7: - | F7: 0 | G7: =IF(R13<>"",R13,"") -> Panamá | H7: Toronto | I7: 46190 | K7: 0.75 | M7: =IF(OR(I7="",K7="",I7<$R$24),"",IF(I7=$R$24,IF(AND(K7<=$S$26,$S$26<=(K7+0.08333333333)),"en juego",IF($S$26<K7,"hoy!","finalizado")),IF($R$24>I7,"finalizado",""))) | R7: Inglaterra
B8: =IF(OR(M8="finalizado",M8="en juego",M8="hoy!"),"Ø","") | C8: =IF(R7<>"",R7,"") -> Inglaterra | D8: 2 | E8: - | F8: 0 | G8: =IF(R11<>"",R11,"") -> Ghana | H8: Boston | I8: 46196 | K8: 0.625 | M8: =IF(OR(I8="",K8="",I8<$R$24),"",IF(I8=$R$24,IF(AND(K8<=$S$26,$S$26<=(K8+0.08333333333)),"en juego",IF($S$26<K8,"hoy!","finalizado")),IF($R$24>I8,"finalizado","")))
B9: =IF(OR(M9="finalizado",M9="en juego",M9="hoy!"),"Ø","") | C9: =IF(R13<>"",R13,"") -> Panamá | D9: 1 | E9: - | F9: 3 | G9: =IF(R9<>"",R9,"") -> Croacia | H9: Toronto | I9: 46196 | K9: 0.75 | M9: =IF(OR(I9="",K9="",I9<$R$24),"",IF(I9=$R$24,IF(AND(K9<=$S$26,$S$26<=(K9+0.08333333333)),"en juego",IF($S$26<K9,"hoy!","finalizado")),IF($R$24>I9,"finalizado",""))) | R9: Croacia
B10: =IF(OR(M10="finalizado",M10="en juego",M10="hoy!"),"Ø","") | C10: =IF(R13<>"",R13,"") -> Panamá | D10: 0 | E10: - | F10: 3 | G10: =IF(R7<>"",R7,"") -> Inglaterra | H10: Nueva York | I10: 46200 | K10: 0.66666667 | M10: =IF(OR(I10="",K10="",I10<$R$24),"",IF(I10=$R$24,IF(AND(K10<=$S$26,$S$26<=(K10+0.08333333333)),"en juego",IF($S$26<K10,"hoy!","finalizado")),IF($R$24>I10,"finalizado","")))
B11: =IF(OR(M11="finalizado",M11="en juego",M11="hoy!"),"Ø","") | C11: =IF(R9<>"",R9,"") -> Croacia | D11: 2 | E11: - | F11: 1 | G11: =IF(R11<>"",R11,"") -> Ghana | H11: Filadelfia | I11: 46200 | K11: 0.66666667 | M11: =IF(OR(I11="",K11="",I11<$R$24),"",IF(I11=$R$24,IF(AND(K11<=$S$26,$S$26<=(K11+0.08333333333)),"en juego",IF($S$26<K11,"hoy!","finalizado")),IF($R$24>I11,"finalizado",""))) | R11: Ghana
C13: =IF(OR(menu!$D$4="",menu!$D$6=""),"Atencion ! Aun te falta poner tu nombre y Pais en la hoja INICIO","") | R13: Panamá
H15: POSICIONES
I16: J | J16: G | K16: E | L16: P | M16: GF | N16: GC | O16: DIF | P16: PTS
G17: Avanza a Dieciseisavos de final Ø | H17: =calculoL!F37 -> Inglaterra | I17: =calculoL!G37 -> 3 | J17: =calculoL!H37 -> 3 | K17: =calculoL!I37 -> 0 | L17: =calculoL!J37 -> 0 | M17: =calculoL!K37 -> 6 | N17: =calculoL!L37 -> 0 | O17: =M17-N17 -> 6 | P17: =calculoL!M37 -> 9
G18: Avanza a Dieciseisavos de final Ø | H18: =calculoL!F38 -> Croacia | I18: =calculoL!G38 -> 3 | J18: =calculoL!H38 -> 2 | K18: =calculoL!I38 -> 0 | L18: =calculoL!J38 -> 1 | M18: =calculoL!K38 -> 5 | N18: =calculoL!L38 -> 3 | O18: =M18-N18 -> 2 | P18: =calculoL!M38 -> 6
G19: =IF('- 3ros -'!$H$16=144,IF(VLOOKUP(H19,mejores3!$C$21:$T$32,18,0)=1,"Avanza como Mejor tercero: --> ",""),"") | H19: =calculoL!F39 -> Ghana | I19: =calculoL!G39 -> 3 | J19: =calculoL!H39 -> 1 | K19: =calculoL!I39 -> 0 | L19: =calculoL!J39 -> 2 | M19: =calculoL!K39 -> 2 | N19: =calculoL!L39 -> 4 | O19: =M19-N19 -> -2 | P19: =calculoL!M39 -> 3
H20: =calculoL!F40 -> Panamá | I20: =calculoL!G40 -> 3 | J20: =calculoL!H40 -> 0 | K20: =calculoL!I40 -> 0 | L20: =calculoL!J40 -> 3 | M20: =calculoL!K40 -> 1 | N20: =calculoL!L40 -> 7 | O20: =M20-N20 -> -6 | P20: =calculoL!M40 -> 0
I21: =SUM(I17:I20) -> 12
Q24: fecha y hora actual: | R24: =TODAY() -> 46178 | S24: =NOW() -> 46178.661
R25: =HOUR(S24) -> 15 | S25: =MINUTE(S24) -> 51
S26: =TIME(R25,S25,0) -> 0.66041667

Sheet - 3ros -
B1: Mejores T e r c e r o s
C4: Esta hoja es informativa… Continua a la siguiente Fase | Q4: Mejores 3ros
B6: =IF(OR(M6="finalizado",M6="en juego",M6="hoy!"),"Ø","") | C6: Estos son los 8 Mejores Terceros de la Fase Grupos según tus proyecciones 👍
B7: =IF(OR(M7="finalizado",M7="en juego",M7="hoy!"),"Ø","")
B8: =IF(OR(M8="finalizado",M8="en juego",M8="hoy!"),"Ø","")
B9: =IF(OR(M9="finalizado",M9="en juego",M9="hoy!"),"Ø","")
B10: =IF(OR(M10="finalizado",M10="en juego",M10="hoy!"),"Ø","")
B11: =IF(OR(M11="finalizado",M11="en juego",M11="hoy!"),"Ø","")
C13: =IF(H16<>144,"¡ Debes completar toda la Fase de Grupos para calcular los 8 mejores Terceros !","")
H15: 8 mejores Terceros:
H16: ='16vos de Final'!F3 -> 144 | I16: J | J16: G | K16: E | L16: P | M16: GF | N16: GC | O16: DIF | P16: PTS | Q16: Grupo:
G17: 1 Ø | H17: =IF($H$16=144,mejores3!C21,"") -> Korea | I17: =IF($H$16=144,mejores3!E21,"") -> 3 | J17: =IF($H$16=144,mejores3!F21,"") -> 1 | K17: =IF($H$16=144,mejores3!G21,"") -> 1 | L17: =IF($H$16=144,mejores3!H21,"") -> 1 | M17: =IF($H$16=144,mejores3!I21,"") -> 3 | N17: =IF($H$16=144,mejores3!J21,"") -> 3 | O17: =IF($H$16=144,mejores3!K21,"") -> 0 | P17: =IF($H$16=144,mejores3!L21,"") -> 4 | Q17: =IF($H$16=144,mejores3!B21,"") -> A
G18: 2 Ø | H18: =IF($H$16=144,mejores3!C22,"") -> Marruecos | I18: =IF($H$16=144,mejores3!E22,"") -> 3 | J18: =IF($H$16=144,mejores3!F22,"") -> 1 | K18: =IF($H$16=144,mejores3!G22,"") -> 1 | L18: =IF($H$16=144,mejores3!H22,"") -> 1 | M18: =IF($H$16=144,mejores3!I22,"") -> 2 | N18: =IF($H$16=144,mejores3!J22,"") -> 2 | O18: =IF($H$16=144,mejores3!K22,"") -> 0 | P18: =IF($H$16=144,mejores3!L22,"") -> 4 | Q18: =IF($H$16=144,mejores3!B22,"") -> C
G19: 3 Ø | H19: =IF($H$16=144,mejores3!C23,"") -> Irán | I19: =IF($H$16=144,mejores3!E23,"") -> 3 | J19: =IF($H$16=144,mejores3!F23,"") -> 1 | K19: =IF($H$16=144,mejores3!G23,"") -> 1 | L19: =IF($H$16=144,mejores3!H23,"") -> 1 | M19: =IF($H$16=144,mejores3!I23,"") -> 2 | N19: =IF($H$16=144,mejores3!J23,"") -> 2 | O19: =IF($H$16=144,mejores3!K23,"") -> 0 | P19: =IF($H$16=144,mejores3!L23,"") -> 4 | Q19: =IF($H$16=144,mejores3!B23,"") -> G
G20: 4 Ø | H20: =IF($H$16=144,mejores3!C24,"") -> Senegal | I20: =IF($H$16=144,mejores3!E24,"") -> 3 | J20: =IF($H$16=144,mejores3!F24,"") -> 1 | K20: =IF($H$16=144,mejores3!G24,"") -> 1 | L20: =IF($H$16=144,mejores3!H24,"") -> 1 | M20: =IF($H$16=144,mejores3!I24,"") -> 3 | N20: =IF($H$16=144,mejores3!J24,"") -> 4 | O20: =IF($H$16=144,mejores3!K24,"") -> -1 | P20: =IF($H$16=144,mejores3!L24,"") -> 4 | Q20: =IF($H$16=144,mejores3!B24,"") -> I
G21: 5 Ø | H21: =IF($H$16=144,mejores3!C25,"") -> Costa de Marfil | I21: =IF($H$16=144,mejores3!E25,"") -> 3 | J21: =IF($H$16=144,mejores3!F25,"") -> 1 | K21: =IF($H$16=144,mejores3!G25,"") -> 1 | L21: =IF($H$16=144,mejores3!H25,"") -> 1 | M21: =IF($H$16=144,mejores3!I25,"") -> 3 | N21: =IF($H$16=144,mejores3!J25,"") -> 5 | O21: =IF($H$16=144,mejores3!K25,"") -> -2 | P21: =IF($H$16=144,mejores3!L25,"") -> 4 | Q21: =IF($H$16=144,mejores3!B25,"") -> E
G22: 6 Ø | H22: =IF($H$16=144,mejores3!C26,"") -> Paraguay | I22: =IF($H$16=144,mejores3!E26,"") -> 3 | J22: =IF($H$16=144,mejores3!F26,"") -> 1 | K22: =IF($H$16=144,mejores3!G26,"") -> 0 | L22: =IF($H$16=144,mejores3!H26,"") -> 2 | M22: =IF($H$16=144,mejores3!I26,"") -> 2 | N22: =IF($H$16=144,mejores3!J26,"") -> 2 | O22: =IF($H$16=144,mejores3!K26,"") -> 0 | P22: =IF($H$16=144,mejores3!L26,"") -> 3 | Q22: =IF($H$16=144,mejores3!B26,"") -> D
G23: 7 Ø | H23: =IF($H$16=144,mejores3!C27,"") -> Bosnia | I23: =IF($H$16=144,mejores3!E27,"") -> 3 | J23: =IF($H$16=144,mejores3!F27,"") -> 1 | K23: =IF($H$16=144,mejores3!G27,"") -> 0 | L23: =IF($H$16=144,mejores3!H27,"") -> 2 | M23: =IF($H$16=144,mejores3!I27,"") -> 3 | N23: =IF($H$16=144,mejores3!J27,"") -> 4 | O23: =IF($H$16=144,mejores3!K27,"") -> -1 | P23: =IF($H$16=144,mejores3!L27,"") -> 3 | Q23: =IF($H$16=144,mejores3!B27,"") -> B
G24: 8 Ø | H24: =IF($H$16=144,mejores3!C28,"") -> Suecia | I24: =IF($H$16=144,mejores3!E28,"") -> 3 | J24: =IF($H$16=144,mejores3!F28,"") -> 1 | K24: =IF($H$16=144,mejores3!G28,"") -> 0 | L24: =IF($H$16=144,mejores3!H28,"") -> 2 | M24: =IF($H$16=144,mejores3!I28,"") -> 3 | N24: =IF($H$16=144,mejores3!J28,"") -> 4 | O24: =IF($H$16=144,mejores3!K28,"") -> -1 | P24: =IF($H$16=144,mejores3!L28,"") -> 3 | Q24: =IF($H$16=144,mejores3!B28,"") -> F
H25: =IF($H$16=144,mejores3!C29,"") -> Ghana | I25: =IF($H$16=144,mejores3!E29,"") -> 3 | J25: =IF($H$16=144,mejores3!F29,"") -> 1 | K25: =IF($H$16=144,mejores3!G29,"") -> 0 | L25: =IF($H$16=144,mejores3!H29,"") -> 2 | M25: =IF($H$16=144,mejores3!I29,"") -> 2 | N25: =IF($H$16=144,mejores3!J29,"") -> 4 | O25: =IF($H$16=144,mejores3!K29,"") -> -2 | P25: =IF($H$16=144,mejores3!L29,"") -> 3 | Q25: =IF($H$16=144,mejores3!B29,"") -> L
H26: =IF($H$16=144,mejores3!C30,"") -> RD Congo | I26: =IF($H$16=144,mejores3!E30,"") -> 3 | J26: =IF($H$16=144,mejores3!F30,"") -> 1 | K26: =IF($H$16=144,mejores3!G30,"") -> 0 | L26: =IF($H$16=144,mejores3!H30,"") -> 2 | M26: =IF($H$16=144,mejores3!I30,"") -> 1 | N26: =IF($H$16=144,mejores3!J30,"") -> 6 | O26: =IF($H$16=144,mejores3!K30,"") -> -5 | P26: =IF($H$16=144,mejores3!L30,"") -> 3 | Q26: =IF($H$16=144,mejores3!B30,"") -> K
H27: =IF($H$16=144,mejores3!C31,"") -> Cabo Verde | I27: =IF($H$16=144,mejores3!E31,"") -> 3 | J27: =IF($H$16=144,mejores3!F31,"") -> 1 | K27: =IF($H$16=144,mejores3!G31,"") -> 0 | L27: =IF($H$16=144,mejores3!H31,"") -> 2 | M27: =IF($H$16=144,mejores3!I31,"") -> 2 | N27: =IF($H$16=144,mejores3!J31,"") -> 8 | O27: =IF($H$16=144,mejores3!K31,"") -> -6 | P27: =IF($H$16=144,mejores3!L31,"") -> 3 | Q27: =IF($H$16=144,mejores3!B31,"") -> H
H28: =IF($H$16=144,mejores3!C32,"") -> Jordania | I28: =IF($H$16=144,mejores3!E32,"") -> 3 | J28: =IF($H$16=144,mejores3!F32,"") -> 0 | K28: =IF($H$16=144,mejores3!G32,"") -> 1 | L28: =IF($H$16=144,mejores3!H32,"") -> 2 | M28: =IF($H$16=144,mejores3!I32,"") -> 3 | N28: =IF($H$16=144,mejores3!J32,"") -> 6 | O28: =IF($H$16=144,mejores3!K32,"") -> -3 | P28: =IF($H$16=144,mejores3!L32,"") -> 1 | Q28: =IF($H$16=144,mejores3!B32,"") -> J
I29: =SUM(I17:I28) -> 36
R32: =TODAY() -> 46178 | S32: =NOW() -> 46178.661
R33: =HOUR(S32) -> 15 | S33: =MINUTE(S32) -> 51
S34: =TIME(R33,S33,0) -> 0.66041667

Sheet 16vos de Final
B1: Dieciseisavos de final | P1: Avance: | R1: =(16-SUM(R7:R67))/16 -> 1
F3: =SUM('- A -:- L -'!I21) -> 144
C4: Sede | Fecha | Hora | F4: Resultado | H4: Penales | K4: a Octavos de final | M4: =TODAY() -> 46178 | N4: =NOW() -> 46178.661 | R4: Check
F6: =IF(AND('- A -'!I21<>12,'- A -'!H17<>""),"2do Grupo A",'- A -'!H18) -> República Checa | G6: 1 | P6: 2do Grupo A
B7: =IF(OR(F7="en juego",F7="hoy!",F7="finalizado"),"►1","1") -> 1 | C7: Los Ángeles | D7: 46201 | E7: 0.58333333 | F7: =IF(OR(D7="",E7="",D7<$M$4),"",IF(D7=$M$4,IF(AND(E7<=$T$23,$T$23<=(E7+0.08333333333)),"en juego",IF($T$23<E7,"hoy!","finalizado")),IF($M$4>D7,"finalizado",""))) | K7: =IF(AND(F6<>"",F8<>""),IF(OR(G6="",G8="",AND(G6=G8,OR(H6="",H8=""))),"OF1",IF(G6=G8,IF(H6>H8,F6,F8),IF(G6>G8,F6,F8))),"") -> Canadá | M7: 73 | R7: =IF(ISERROR(VLOOKUP(K7,Hoja1!$D$6:$D$53,1,0)),1,0) -> 0
F8: =IF(AND('- B -'!I21<>12,'- B -'!H18<>""),"2do Grupo B",'- B -'!H18) -> Canadá | G8: 3 | P8: 2do Grupo B
F10: =IF(AND('- C -'!I21<>12,'- C -'!H17<>""),"1ero Grupo C",'- C -'!H17) -> Brasil | G10: 2 | P10: 1ero Grupo C
B11: =IF(OR(F11="en juego",F11="hoy!",F11="finalizado"),"►2","2") -> 2 | C11: Houston | D11: 46202 | E11: 0.5 | F11: =IF(OR(D11="",E11="",D11<$M$4),"",IF(D11=$M$4,IF(AND(E11<=$T$23,$T$23<=(E11+0.08333333333)),"en juego",IF($T$23<E11,"hoy!","finalizado")),IF($M$4>D11,"finalizado",""))) | K11: =IF(AND(F10<>"",F12<>""),IF(OR(G10="",G12="",AND(G10=G12,OR(H10="",H12=""))),"OF2",IF(G10=G12,IF(H10>H12,F10,F12),IF(G10>G12,F10,F12))),"") -> Brasil | M11: 76 | R11: =IF(ISERROR(VLOOKUP(K11,Hoja1!$D$6:$D$53,1,0)),1,0) -> 0
F12: =IF(AND('- F -'!I21<>12,'- F -'!H18<>""),"2do Grupo F",'- F -'!H18) -> Japón | G12: 1 | P12: 2do Grupo F
F14: =IF(AND('- E -'!I21<>12,'- E -'!H17<>""),"1ero Grupo E",'- E -'!H17) -> Alemania | G14: 3 | P14: 1ero Grupo E
B15: =IF(OR(F15="en juego",F15="hoy!",F15="finalizado"),"►3","3") -> 3 | C15: Boston | D15: 46202 | E15: 0.64583333 | F15: =IF(OR(D15="",E15="",D15<$M$4),"",IF(D15=$M$4,IF(AND(E15<=$T$23,$T$23<=(E15+0.08333333333)),"en juego",IF($T$23<E15,"hoy!","finalizado")),IF($M$4>D15,"finalizado",""))) | K15: =IF(AND(F14<>"",F16<>""),IF(OR(G14="",G16="",AND(G14=G16,OR(H14="",H16=""))),"OF3",IF(G14=G16,IF(H14>H16,F14,F16),IF(G14>G16,F14,F16))),"") -> Alemania | M15: 74 | R15: =IF(ISERROR(VLOOKUP(K15,Hoja1!$D$6:$D$53,1,0)),1,0) -> 0
F16: =IF($F$3=144,VLOOKUP("x",mejores3!$X$20:$AV$514,21,0),P16) -> Paraguay | G16: 1 | P16: 3ro ABCDF
F18: =IF(AND('- F -'!I21<>12,'- F -'!H17<>""),"1ero Grupo F",'- F -'!H17) -> Países Bajos | G18: 4 | P18: 1ero Grupo F
B19: =IF(OR(F19="en juego",F19="hoy!",F19="finalizado"),"►4","4") -> 4 | C19: Monterrey | D19: 46202 | E19: 0.83333333 | F19: =IF(OR(D19="",E19="",D19<$M$4),"",IF(D19=$M$4,IF(AND(E19<=$T$23,$T$23<=(E19+0.08333333333)),"en juego",IF($T$23<E19,"hoy!","finalizado")),IF($M$4>D19,"finalizado",""))) | K19: =IF(AND(F18<>"",F20<>""),IF(OR(G18="",G20="",AND(G18=G20,OR(H18="",H20=""))),"OF4",IF(G18=G20,IF(H18>H20,F18,F20),IF(G18>G20,F18,F20))),"") -> Países Bajos | M19: 75 | R19: =IF(ISERROR(VLOOKUP(K19,Hoja1!$D$6:$D$53,1,0)),1,0) -> 0
F20: =IF(AND('- C -'!I21<>12,'- C -'!H18<>""),"2do Grupo C",'- C -'!H18) -> Escocia | G20: 2 | P20: 2do Grupo C
F22: =IF(AND('- E -'!I21<>12,'- E -'!H18<>""),"2do Grupo E",'- E -'!H18) -> Ecuador | G22: 1 | H22: 4 | P22: 2do Grupo E | S22: =HOUR(N4) -> 15 | T22: =MINUTE(N4) -> 51
B23: =IF(OR(F23="en juego",F23="hoy!",F23="finalizado"),"►5","5") -> 5 | C23: Dallas | D23: 46203 | E23: 0.5 | F23: =IF(OR(D23="",E23="",D23<$M$4),"",IF(D23=$M$4,IF(AND(E23<=$T$23,$T$23<=(E23+0.08333333333)),"en juego",IF($T$23<E23,"hoy!","finalizado")),IF($M$4>D23,"finalizado",""))) | K23: =IF(AND(F22<>"",F24<>""),IF(OR(G22="",G24="",AND(G22=G24,OR(H22="",H24=""))),"OF5",IF(G22=G24,IF(H22>H24,F22,F24),IF(G22>G24,F22,F24))),"") -> Noruega | M23: 78 | R23: =IF(ISERROR(VLOOKUP(K23,Hoja1!$D$6:$D$53,1,0)),1,0) -> 0 | T23: =TIME(S22,T22,0) -> 0.66041667
F24: =IF(AND('- I -'!I21<>12,'- I -'!H18<>""),"2do Grupo I",'- I -'!H18) -> Noruega | G24: 1 | H24: 5 | P24: 2do Grupo I
F26: =IF(AND('- I -'!I21<>12,'- I -'!H17<>""),"1ero Grupo I",'- I -'!H17) -> Francia | G26: 4 | P26: 1ero Grupo I
B27: =IF(OR(F27="en juego",F27="hoy!",F27="finalizado"),"►6","6") -> 6 | C27: Nueva York | D27: 46203 | E27: 0.66666667 | F27: =IF(OR(D27="",E27="",D27<$M$4),"",IF(D27=$M$4,IF(AND(E27<=$T$23,$T$23<=(E27+0.08333333333)),"en juego",IF($T$23<E27,"hoy!","finalizado")),IF($M$4>D27,"finalizado",""))) | K27: =IF(AND(F26<>"",F28<>""),IF(OR(G26="",G28="",AND(G26=G28,OR(H26="",H28=""))),"OF6",IF(G26=G28,IF(H26>H28,F26,F28),IF(G26>G28,F26,F28))),"") -> Francia | M27: 77 | R27: =IF(ISERROR(VLOOKUP(K27,Hoja1!$D$6:$D$53,1,0)),1,0) -> 0
F28: =IF($F$3=144,VLOOKUP("x",mejores3!$X$20:$AV$514,23,0),P28) -> Suecia | G28: 1 | P28: 3ro CDFGH
F30: =IF(AND('- A -'!I21<>12,'- A -'!H17<>""),"1ero Grupo A",'- A -'!H17) -> México | G30: 2 | P30: 1ero Grupo A
B31: =IF(OR(F31="en juego",F31="hoy!",F31="finalizado"),"►7","7") -> 7 | C31: Ciudad de México | D31: 46203 | E31: 0.83333333 | F31: =IF(OR(D31="",E31="",D31<$M$4),"",IF(D31=$M$4,IF(AND(E31<=$T$23,$T$23<=(E31+0.08333333333)),"en juego",IF($T$23<E31,"hoy!","finalizado")),IF($M$4>D31,"finalizado",""))) | K31: =IF(AND(F30<>"",F32<>""),IF(OR(G30="",G32="",AND(G30=G32,OR(H30="",H32=""))),"OF7",IF(G30=G32,IF(H30>H32,F30,F32),IF(G30>G32,F30,F32))),"") -> Marruecos | M31: 79 | R31: =IF(ISERROR(VLOOKUP(K31,Hoja1!$D$6:$D$53,1,0)),1,0) -> 0
F32: =IF($F$3=144,VLOOKUP("x",mejores3!$X$20:$AV$514,18,0),P32) -> Marruecos | G32: 3 | P32: 3ro CEFHI
F34: =IF(AND('- L -'!I21<>12,'- L -'!H17<>""),"1ero Grupo L",'- L -'!H17) -> Inglaterra | G34: 2 | P34: 1ero Grupo L
B35: =IF(OR(F35="en juego",F35="hoy!",F35="finalizado"),"►8","8") -> 8 | C35: Atlanta | D35: 46204 | E35: 0.45833333 | F35: =IF(OR(D35="",E35="",D35<$M$4),"",IF(D35=$M$4,IF(AND(E35<=$T$23,$T$23<=(E35+0.08333333333)),"en juego",IF($T$23<E35,"hoy!","finalizado")),IF($M$4>D35,"finalizado",""))) | K35: =IF(AND(F34<>"",F36<>""),IF(OR(G34="",G36="",AND(G34=G36,OR(H34="",H36=""))),"OF8",IF(G34=G36,IF(H34>H36,F34,F36),IF(G34>G36,F34,F36))),"") -> Inglaterra | M35: 80 | R35: =IF(ISERROR(VLOOKUP(K35,Hoja1!$D$6:$D$53,1,0)),1,0) -> 0
F36: =IF($F$3=144,VLOOKUP("x",mejores3!$X$20:$AV$514,25,0),P36) -> Senegal | G36: 1 | P36: 3ro EHIJK
F38: =IF(AND('- G -'!I21<>12,'- G -'!H17<>""),"1ero Grupo G",'- G -'!H17) -> Bélgica | G38: 3 | P38: 1ero Grupo G
B39: 9 | C39: Seattle | D39: 46204 | E39: 0.625 | F39: =IF(OR(D39="",E39="",D39<$M$4),"",IF(D39=$M$4,IF(AND(E39<=$T$23,$T$23<=(E39+0.08333333333)),"en juego",IF($T$23<E39,"hoy!","finalizado")),IF($M$4>D39,"finalizado",""))) | K39: =IF(AND(F38<>"",F40<>""),IF(OR(G38="",G40="",AND(G38=G40,OR(H38="",H40=""))),"OF9",IF(G38=G40,IF(H38>H40,F38,F40),IF(G38>G40,F38,F40))),"") -> Bélgica | M39: 82 | R39: =IF(ISERROR(VLOOKUP(K39,Hoja1!$D$6:$D$53,1,0)),1,0) -> 0
F40: =IF($F$3=144,VLOOKUP("x",mejores3!$X$20:$AV$514,22,0),P40) -> Korea | G40: 1 | P40: 3ro AEHIJ
F42: =IF(AND('- D -'!I21<>12,'- D -'!H17<>""),"1ero Grupo D",'- D -'!H17) -> EE. UU. | G42: 1 | P42: 1ero Grupo D
B43: 10 | C43: San Francisco | D43: 46204 | E43: 0.79166667 | F43: =IF(OR(D43="",E43="",D43<$M$4),"",IF(D43=$M$4,IF(AND(E43<=$T$23,$T$23<=(E43+0.08333333333)),"en juego",IF($T$23<E43,"hoy!","finalizado")),IF($M$4>D43,"finalizado",""))) | K43: =IF(AND(F42<>"",F44<>""),IF(OR(G42="",G44="",AND(G42=G44,OR(H42="",H44=""))),"OF10",IF(G42=G44,IF(H42>H44,F42,F44),IF(G42>G44,F42,F44))),"") -> EE. UU. | M43: 81 | R43: =IF(ISERROR(VLOOKUP(K43,Hoja1!$D$6:$D$53,1,0)),1,0) -> 0
F44: =IF($F$3=144,VLOOKUP("x",mejores3!$X$20:$AV$514,20,0),P44) -> Bosnia | G44: 0 | P44: 3ro BEFIJ
F46: =IF(AND('- H -'!I21<>12,'- H -'!H17<>""),"1ero Grupo H",'- H -'!H17) -> España | G46: 4 | P46: 1ero Grupo H
B47: 11 | C47: Los Ángeles | D47: 46205 | E47: 0.58333333 | F47: =IF(OR(D47="",E47="",D47<$M$4),"",IF(D47=$M$4,IF(AND(E47<=$T$23,$T$23<=(E47+0.08333333333)),"en juego",IF($T$23<E47,"hoy!","finalizado")),IF($M$4>D47,"finalizado",""))) | K47: =IF(AND(F46<>"",F48<>""),IF(OR(G46="",G48="",AND(G46=G48,OR(H46="",H48=""))),"OF11",IF(G46=G48,IF(H46>H48,F46,F48),IF(G46>G48,F46,F48))),"") -> España | M47: 84 | R47: =IF(ISERROR(VLOOKUP(K47,Hoja1!$D$6:$D$53,1,0)),1,0) -> 0
F48: =IF(AND('- J -'!I21<>12,'- J -'!H18<>""),"2do Grupo J",'- J -'!H18) -> Austria | G48: 1 | P48: 2do Grupo J
F50: =IF(AND('- K -'!I21<>12,'- K -'!H18<>""),"2do Grupo K",'- K -'!H18) -> Colombia | G50: 2 | H50: 3 | P50: 2do Grupo K
B51: 12 | C51: Toronto | D51: 46205 | E51: 0.75 | F51: =IF(OR(D51="",E51="",D51<$M$4),"",IF(D51=$M$4,IF(AND(E51<=$T$23,$T$23<=(E51+0.08333333333)),"en juego",IF($T$23<E51,"hoy!","finalizado")),IF($M$4>D51,"finalizado",""))) | K51: =IF(AND(F50<>"",F52<>""),IF(OR(G50="",G52="",AND(G50=G52,OR(H50="",H52=""))),"OF12",IF(G50=G52,IF(H50>H52,F50,F52),IF(G50>G52,F50,F52))),"") -> Croacia | M51: 83 | R51: =IF(ISERROR(VLOOKUP(K51,Hoja1!$D$6:$D$53,1,0)),1,0) -> 0
F52: =IF(AND('- L -'!I21<>12,'- L -'!H18<>""),"2do Grupo L",'- L -'!H18) -> Croacia | G52: 2 | H52: 5 | P52: 2do Grupo L
F54: =IF(AND('- B -'!I21<>12,'- B -'!H17<>""),"1ero Grupo B",'- B -'!H17) -> Suiza | G54: 2 | P54: 1ero Grupo B
B55: 13 | C55: Vancouver | D55: 46205 | E55: 0.91666667 | F55: =IF(OR(D55="",E55="",D55<$M$4),"",IF(D55=$M$4,IF(AND(E55<=$T$23,$T$23<=(E55+0.08333333333)),"en juego",IF($T$23<E55,"hoy!","finalizado")),IF($M$4>D55,"finalizado",""))) | K55: =IF(AND(F54<>"",F56<>""),IF(OR(G54="",G56="",AND(G54=G56,OR(H54="",H56=""))),"OF13",IF(G54=G56,IF(H54>H56,F54,F56),IF(G54>G56,F54,F56))),"") -> Suiza | M55: 85 | R55: =IF(ISERROR(VLOOKUP(K55,Hoja1!$D$6:$D$53,1,0)),1,0) -> 0
F56: =IF($F$3=144,VLOOKUP("x",mejores3!$X$20:$AV$514,19,0),P56) -> Irán | G56: 0 | P56: 3ro EFGIJ
F58: =IF(AND('- D -'!I21<>12,'- D -'!H18<>""),"2do Grupo D",'- D -'!H18) -> Turquía | G58: 3 | P58: 2do Grupo D
B59: 14 | C59: Dallas | D59: 46206 | E59: 0.54166667 | F59: =IF(OR(D59="",E59="",D59<$M$4),"",IF(D59=$M$4,IF(AND(E59<=$T$23,$T$23<=(E59+0.08333333333)),"en juego",IF($T$23<E59,"hoy!","finalizado")),IF($M$4>D59,"finalizado",""))) | K59: =IF(AND(F58<>"",F60<>""),IF(OR(G58="",G60="",AND(G58=G60,OR(H58="",H60=""))),"OF14",IF(G58=G60,IF(H58>H60,F58,F60),IF(G58>G60,F58,F60))),"") -> Turquía | M59: 88 | R59: =IF(ISERROR(VLOOKUP(K59,Hoja1!$D$6:$D$53,1,0)),1,0) -> 0
F60: =IF(AND('- G -'!I21<>12,'- G -'!H18<>""),"2do Grupo G",'- G -'!H18) -> Egipto | G60: 1 | P60: 2do Grupo G
F62: =IF(AND('- J -'!I21<>12,'- J -'!H17<>""),"1ero Grupo J",'- J -'!H17) -> Argentina | G62: 3 | P62: 1ero Grupo J
B63: 15 | C63: Miami | D63: 46206 | E63: 0.70833333 | F63: =IF(OR(D63="",E63="",D63<$M$4),"",IF(D63=$M$4,IF(AND(E63<=$T$23,$T$23<=(E63+0.08333333333)),"en juego",IF($T$23<E63,"hoy!","finalizado")),IF($M$4>D63,"finalizado",""))) | K63: =IF(AND(F62<>"",F64<>""),IF(OR(G62="",G64="",AND(G62=G64,OR(H62="",H64=""))),"OF15",IF(G62=G64,IF(H62>H64,F62,F64),IF(G62>G64,F62,F64))),"") -> Argentina | M63: 86 | R63: =IF(ISERROR(VLOOKUP(K63,Hoja1!$D$6:$D$53,1,0)),1,0) -> 0
F64: =IF(AND('- H -'!I21<>12,'- H -'!H18<>""),"2do Grupo H",'- H -'!H18) -> Uruguay | G64: 1 | P64: 2do Grupo H
F66: =IF(AND('- K -'!I21<>12,'- K -'!H17<>""),"1ero Grupo K",'- K -'!H17) -> Portugal | G66: 2 | P66: 1ero Grupo K
B67: 16 | C67: Kansas City | D67: 46206 | E67: 0.85416667 | F67: =IF(OR(D67="",E67="",D67<$M$4),"",IF(D67=$M$4,IF(AND(E67<=$T$23,$T$23<=(E67+0.08333333333)),"en juego",IF($T$23<E67,"hoy!","finalizado")),IF($M$4>D67,"finalizado",""))) | K67: =IF(AND(F66<>"",F68<>""),IF(OR(G66="",G68="",AND(G66=G68,OR(H66="",H68=""))),"OF16",IF(G66=G68,IF(H66>H68,F66,F68),IF(G66>G68,F66,F68))),"") -> Portugal | M67: 87 | R67: =IF(ISERROR(VLOOKUP(K67,Hoja1!$D$6:$D$53,1,0)),1,0) -> 0
F68: =IF($F$3=144,VLOOKUP("x",mejores3!$X$20:$AV$514,24,0),P68) -> Costa de Marfil | G68: 0 | P68: 3ro DEJIL
C71: =IF(OR(menu!$D$4="",menu!$D$6=""),"Atencion ! Aun te falta poner tu nombre y Pais en la hoja INICIO","")

Sheet Octavos de Final
B1: Octavos de final | P1: Avance: | R1: =(8-SUM(R7:R37))/8 -> 1
C4: Sede | Fecha | Hora | F4: Resultado | H4: Penales | K4: a Cuartos de final | M4: =TODAY() -> 46178 | N4: =NOW() -> 46178.661 | R4: Check
F6: ='16vos de Final'!K7 -> Canadá | G6: 2 | I6: 73 | P6: OF1
B7: =IF(OR(F7="en juego",F7="hoy!",F7="finalizado"),"►1","1") -> 1 | C7: Houston | D7: 46207 | E7: 0.5 | F7: =IF(OR(D7="",E7="",D7<$M$4),"",IF(D7=$M$4,IF(AND(E7<=$T$23,$T$23<=(E7+0.08333333333)),"en juego",IF($T$23<E7,"hoy!","finalizado")),IF($M$4>D7,"finalizado",""))) | K7: =IF(AND(F6<>"",F8<>""),IF(OR(G6="",G8="",AND(G6=G8,OR(H6="",H8=""))),"CF1",IF(G6=G8,IF(H6>H8,F6,F8),IF(G6>G8,F6,F8))),"") -> Países Bajos | M7: 90 | R7: =IF(ISERROR(VLOOKUP(K7,Hoja1!$D$6:$D$53,1,0)),1,0) -> 0
F8: ='16vos de Final'!K19 -> Países Bajos | G8: 3 | I8: 75 | P8: OF4
F10: ='16vos de Final'!K15 -> Alemania | G10: 2 | I10: 74 | P10: OF3
B11: =IF(OR(F11="en juego",F11="hoy!",F11="finalizado"),"►2","2") -> 2 | C11: Filadelfia | D11: 46207 | E11: 0.66666667 | F11: =IF(OR(D11="",E11="",D11<$M$4),"",IF(D11=$M$4,IF(AND(E11<=$T$23,$T$23<=(E11+0.08333333333)),"en juego",IF($T$23<E11,"hoy!","finalizado")),IF($M$4>D11,"finalizado",""))) | K11: =IF(AND(F10<>"",F12<>""),IF(OR(G10="",G12="",AND(G10=G12,OR(H10="",H12=""))),"CF2",IF(G10=G12,IF(H10>H12,F10,F12),IF(G10>G12,F10,F12))),"") -> Francia | M11: 89 | R11: =IF(ISERROR(VLOOKUP(K11,Hoja1!$D$6:$D$53,1,0)),1,0) -> 0
F12: ='16vos de Final'!K27 -> Francia | G12: 3 | I12: 77 | P12: OF6
F14: ='16vos de Final'!K11 -> Brasil | G14: 2 | I14: 76 | P14: OF2
B15: =IF(OR(F15="en juego",F15="hoy!",F15="finalizado"),"►3","3") -> 3 | C15: Nueva York | D15: 46208 | E15: 0.625 | F15: =IF(OR(D15="",E15="",D15<$M$4),"",IF(D15=$M$4,IF(AND(E15<=$T$23,$T$23<=(E15+0.08333333333)),"en juego",IF($T$23<E15,"hoy!","finalizado")),IF($M$4>D15,"finalizado",""))) | K15: =IF(AND(F14<>"",F16<>""),IF(OR(G14="",G16="",AND(G14=G16,OR(H14="",H16=""))),"CF3",IF(G14=G16,IF(H14>H16,F14,F16),IF(G14>G16,F14,F16))),"") -> Brasil | M15: 91 | R15: =IF(ISERROR(VLOOKUP(K15,Hoja1!$D$6:$D$53,1,0)),1,0) -> 0
F16: ='16vos de Final'!K23 -> Noruega | G16: 1 | I16: 78 | P16: OF5
F18: ='16vos de Final'!K31 -> Marruecos | G18: 1 | I18: 79 | P18: OF7
B19: =IF(OR(F19="en juego",F19="hoy!",F19="finalizado"),"►4","4") -> 4 | C19: Ciudad de México | D19: 46208 | E19: 0.79166667 | F19: =IF(OR(D19="",E19="",D19<$M$4),"",IF(D19=$M$4,IF(AND(E19<=$T$23,$T$23<=(E19+0.08333333333)),"en juego",IF($T$23<E19,"hoy!","finalizado")),IF($M$4>D19,"finalizado",""))) | K19: =IF(AND(F18<>"",F20<>""),IF(OR(G18="",G20="",AND(G18=G20,OR(H18="",H20=""))),"CF4",IF(G18=G20,IF(H18>H20,F18,F20),IF(G18>G20,F18,F20))),"") -> Inglaterra | M19: 92 | R19: =IF(ISERROR(VLOOKUP(K19,Hoja1!$D$6:$D$53,1,0)),1,0) -> 0
F20: ='16vos de Final'!K35 -> Inglaterra | G20: 3 | I20: 80 | P20: OF8
F22: ='16vos de Final'!K51 -> Croacia | G22: 2 | I22: 83 | P22: OF12 | S22: =HOUR(N4) -> 15 | T22: =MINUTE(N4) -> 51
B23: =IF(OR(F23="en juego",F23="hoy!",F23="finalizado"),"►5","5") -> 5 | C23: Dallas | D23: 46209 | E23: 0.58333333 | F23: =IF(OR(D23="",E23="",D23<$M$4),"",IF(D23=$M$4,IF(AND(E23<=$T$23,$T$23<=(E23+0.08333333333)),"en juego",IF($T$23<E23,"hoy!","finalizado")),IF($M$4>D23,"finalizado",""))) | K23: =IF(AND(F22<>"",F24<>""),IF(OR(G22="",G24="",AND(G22=G24,OR(H22="",H24=""))),"CF5",IF(G22=G24,IF(H22>H24,F22,F24),IF(G22>G24,F22,F24))),"") -> España | M23: 93 | R23: =IF(ISERROR(VLOOKUP(K23,Hoja1!$D$6:$D$53,1,0)),1,0) -> 0 | T23: =TIME(S22,T22,0) -> 0.66041667
F24: ='16vos de Final'!K47 -> España | G24: 4 | I24: 84 | P24: OF11
F26: ='16vos de Final'!K43 -> EE. UU. | G26: 1 | I26: 81 | P26: OF10
B27: =IF(OR(F27="en juego",F27="hoy!",F27="finalizado"),"►6","6") -> 6 | C27: Seattle | D27: 46209 | E27: 0.79166667 | F27: =IF(OR(D27="",E27="",D27<$M$4),"",IF(D27=$M$4,IF(AND(E27<=$T$23,$T$23<=(E27+0.08333333333)),"en juego",IF($T$23<E27,"hoy!","finalizado")),IF($M$4>D27,"finalizado",""))) | K27: =IF(AND(F26<>"",F28<>""),IF(OR(G26="",G28="",AND(G26=G28,OR(H26="",H28=""))),"CF6",IF(G26=G28,IF(H26>H28,F26,F28),IF(G26>G28,F26,F28))),"") -> Bélgica | M27: 94 | R27: =IF(ISERROR(VLOOKUP(K27,Hoja1!$D$6:$D$53,1,0)),1,0) -> 0
F28: ='16vos de Final'!K39 -> Bélgica | G28: 3 | I28: 82 | P28: OF9
F30: ='16vos de Final'!K63 -> Argentina | G30: 3 | I30: 86 | P30: OF15
B31: =IF(OR(F31="en juego",F31="hoy!",F31="finalizado"),"►7","7") -> 7 | C31: Atlanta | D31: 46210 | E31: 0.45833333 | F31: =IF(OR(D31="",E31="",D31<$M$4),"",IF(D31=$M$4,IF(AND(E31<=$T$23,$T$23<=(E31+0.08333333333)),"en juego",IF($T$23<E31,"hoy!","finalizado")),IF($M$4>D31,"finalizado",""))) | K31: =IF(AND(F30<>"",F32<>""),IF(OR(G30="",G32="",AND(G30=G32,OR(H30="",H32=""))),"CF7",IF(G30=G32,IF(H30>H32,F30,F32),IF(G30>G32,F30,F32))),"") -> Argentina | M31: 95 | R31: =IF(ISERROR(VLOOKUP(K31,Hoja1!$D$6:$D$53,1,0)),1,0) -> 0
F32: ='16vos de Final'!K59 -> Turquía | G32: 2 | I32: 88 | P32: OF14
F34: ='16vos de Final'!K55 -> Suiza | G34: 1 | I34: 85 | P34: OF13
B35: =IF(OR(F35="en juego",F35="hoy!",F35="finalizado"),"►8","8") -> 8 | C35: Vancouver | D35: 46210 | E35: 0.625 | F35: =IF(OR(D35="",E35="",D35<$M$4),"",IF(D35=$M$4,IF(AND(E35<=$T$23,$T$23<=(E35+0.08333333333)),"en juego",IF($T$23<E35,"hoy!","finalizado")),IF($M$4>D35,"finalizado",""))) | K35: =IF(AND(F34<>"",F36<>""),IF(OR(G34="",G36="",AND(G34=G36,OR(H34="",H36=""))),"CF8",IF(G34=G36,IF(H34>H36,F34,F36),IF(G34>G36,F34,F36))),"") -> Portugal | M35: 96 | R35: =IF(ISERROR(VLOOKUP(K35,Hoja1!$D$6:$D$53,1,0)),1,0) -> 0
F36: ='16vos de Final'!K67 -> Portugal | G36: 2 | I36: 87 | P36: OF16
C38: =IF(OR(menu!$D$4="",menu!$D$6=""),"Atencion ! Aun te falta poner tu nombre y Pais en la hoja INICIO","")

Sheet Cuartos de Final
B1: Cuartos de final | P1: Avance: | R1: =(4-SUM(R7:R21))/4 -> 1
C4: Sede | Fecha | Hora | F4: Resultado | H4: Penales | K4: a S e m i f i n a l e s | M4: =TODAY() -> 46178 | N4: =NOW() -> 46178.661 | R4: Check
F6: ='Octavos de Final'!K11 -> Francia | G6: 2 | H6: 8 | I6: 89
B7: =IF(OR(F7="en juego",F7="hoy!",F7="finalizado"),"►1","1") -> 1 | C7: Boston | D7: 46212 | E7: 0.625 | F7: =IF(OR(D7="",E7="",D7<$M$4),"",IF(D7=$M$4,IF(AND(E7<=$T$23,$T$23<=(E7+0.08333333333)),"en juego",IF($T$23<E7,"hoy!","finalizado")),IF($M$4>D7,"finalizado",""))) | K7: =IF(AND(F6<>"",F8<>""),IF(OR(G6="",G8="",AND(G6=G8,OR(H6="",H8=""))),"SF1",IF(G6=G8,IF(H6>H8,F6,F8),IF(G6>G8,F6,F8))),"") -> Francia | M7: 97 | R7: =IF(ISERROR(VLOOKUP(K7,Hoja1!$D$6:$D$53,1,0)),1,0) -> 0
F8: ='Octavos de Final'!K7 -> Países Bajos | G8: 2 | H8: 7 | I8: 90
F10: ='Octavos de Final'!K23 -> España | G10: 3 | I10: 93
B11: =IF(OR(F11="en juego",F11="hoy!",F11="finalizado"),"►2","2") -> 2 | C11: Los Ángeles | D11: 46213 | E11: 0.58333333 | F11: =IF(OR(D11="",E11="",D11<$M$4),"",IF(D11=$M$4,IF(AND(E11<=$T$23,$T$23<=(E11+0.08333333333)),"en juego",IF($T$23<E11,"hoy!","finalizado")),IF($M$4>D11,"finalizado",""))) | K11: =IF(AND(F10<>"",F12<>""),IF(OR(G10="",G12="",AND(G10=G12,OR(H10="",H12=""))),"SF2",IF(G10=G12,IF(H10>H12,F10,F12),IF(G10>G12,F10,F12))),"") -> España | M11: 98 | R11: =IF(ISERROR(VLOOKUP(K11,Hoja1!$D$6:$D$53,1,0)),1,0) -> 0
F12: ='Octavos de Final'!K27 -> Bélgica | G12: 2 | I12: 94
F14: ='Octavos de Final'!K15 -> Brasil | G14: 3 | I14: 91
B15: =IF(OR(F15="en juego",F15="hoy!",F15="finalizado"),"►3","3") -> 3 | C15: Miami | D15: 46214 | E15: 0.66666667 | F15: =IF(OR(D15="",E15="",D15<$M$4),"",IF(D15=$M$4,IF(AND(E15<=$T$23,$T$23<=(E15+0.08333333333)),"en juego",IF($T$23<E15,"hoy!","finalizado")),IF($M$4>D15,"finalizado",""))) | K15: =IF(AND(F14<>"",F16<>""),IF(OR(G14="",G16="",AND(G14=G16,OR(H14="",H16=""))),"SF3",IF(G14=G16,IF(H14>H16,F14,F16),IF(G14>G16,F14,F16))),"") -> Brasil | M15: 99 | R15: =IF(ISERROR(VLOOKUP(K15,Hoja1!$D$6:$D$53,1,0)),1,0) -> 0
F16: ='Octavos de Final'!K19 -> Inglaterra | G16: 1 | I16: 92
F18: ='Octavos de Final'!K31 -> Argentina | G18: 2 | H18: 6 | I18: 95
B19: =IF(OR(F19="en juego",F19="hoy!",F19="finalizado"),"►4","4") -> 4 | C19: Kansas City | D19: 46214 | E19: 0.83333333 | F19: =IF(OR(D19="",E19="",D19<$M$4),"",IF(D19=$M$4,IF(AND(E19<=$T$23,$T$23<=(E19+0.08333333333)),"en juego",IF($T$23<E19,"hoy!","finalizado")),IF($M$4>D19,"finalizado",""))) | K19: =IF(AND(F18<>"",F20<>""),IF(OR(G18="",G20="",AND(G18=G20,OR(H18="",H20=""))),"SF4",IF(G18=G20,IF(H18>H20,F18,F20),IF(G18>G20,F18,F20))),"") -> Argentina | M19: 100 | R19: =IF(ISERROR(VLOOKUP(K19,Hoja1!$D$6:$D$53,1,0)),1,0) -> 0
F20: ='Octavos de Final'!K35 -> Portugal | G20: 2 | H20: 5 | I20: 96
C22: =IF(OR(menu!$D$4="",menu!$D$6=""),"Atencion ! Aun te falta poner tu nombre y Pais en la hoja INICIO","") | S22: =HOUR(N4) -> 15 | T22: =MINUTE(N4) -> 51
T23: =TIME(S22,T22,0) -> 0.66041667

Sheet Semifinal
B1: Semi final | P1: Avance: | R1: =(2-SUM(R7:R12))/2 -> 1
C4: Sede | Fecha | Hora | F4: Resultado | H4: Penales | K4: F I N A L | M4: =TODAY() -> 46178 | N4: =NOW() -> 46178.661 | R4: Check
F6: ='Cuartos de Final'!K7 -> Francia | G6: 4 | I6: 97
B7: =IF(OR(F7="en juego",F7="hoy!",F7="finalizado"),"►1","1") -> 1 | C7: Dallas | D7: 46217 | E7: 0.58333333 | F7: =IF(OR(D7="",E7="",D7<$M$4),"",IF(D7=$M$4,IF(AND(E7<=$T$23,$T$23<=(E7+0.08333333333)),"en juego",IF($T$23<E7,"hoy!","finalizado")),IF($M$4>D7,"finalizado",""))) | K7: =IF(AND(F6<>"",F8<>""),IF(OR(G6="",G8="",AND(G6=G8,OR(H6="",H8=""))),"F1",IF(G6=G8,IF(H6>H8,F6,F8),IF(G6>G8,F6,F8))),"") -> Francia | M7: 101 | R7: =IF(ISERROR(VLOOKUP(K7,Hoja1!$D$6:$D$53,1,0)),1,0) -> 0
F8: ='Cuartos de Final'!K11 -> España | G8: 3 | I8: 98
F10: ='Cuartos de Final'!K15 -> Brasil | G10: 3 | I10: 99
B11: =IF(OR(F11="en juego",F11="hoy!",F11="finalizado"),"►2","2") -> 2 | C11: Atlanta | D11: 46218 | E11: 0.58333333 | F11: =IF(OR(D11="",E11="",D11<$M$4),"",IF(D11=$M$4,IF(AND(E11<=$T$23,$T$23<=(E11+0.08333333333)),"en juego",IF($T$23<E11,"hoy!","finalizado")),IF($M$4>D11,"finalizado",""))) | K11: =IF(AND(F10<>"",F12<>""),IF(OR(G10="",G12="",AND(G10=G12,OR(H10="",H12=""))),"F2",IF(G10=G12,IF(H10>H12,F10,F12),IF(G10>G12,F10,F12))),"") -> Brasil | M11: 102 | R11: =IF(ISERROR(VLOOKUP(K11,Hoja1!$D$6:$D$53,1,0)),1,0) -> 0
F12: ='Cuartos de Final'!K19 -> Argentina | G12: 2 | I12: 100
C22: =IF(OR(menu!$D$4="",menu!$D$6=""),"Atencion ! Aun te falta poner tu nombre y Pais en la hoja INICIO","") | S22: =HOUR(N4) -> 15 | T22: =MINUTE(N4) -> 51
T23: =TIME(S22,T22,0) -> 0.66041667

Sheet FINAL
B1: F I N A L | P1: Avance: | R1: =(2-SUM(R7:R14))/2 -> 1
D3: 3er puesto
C4: Sede | Fecha | Hora | F4: Resultado | H4: Penales | K4: 3er P u e s t o | M4: =TODAY() -> 46178 | N4: =NOW() -> 46178.661 | R4: Check
F6: =IF(Semifinal!K7="SF1","SF1-2",IF(Semifinal!K7=Semifinal!F6,Semifinal!F8,Semifinal!F6)) -> España | G6: 1 | H6: 4 | I6: P 101
B7: =IF(OR(F7="en juego",F7="hoy!",F7="finalizado"),"Ø","") | C7: Miami | D7: 46221 | E7: 0.66666667 | F7: =IF(OR(D7="",E7="",D7<$M$4),"",IF(D7=$M$4,IF(AND(E7<=$T$26,$T$26<=(E7+0.08333333333)),"en juego",IF($T$26<E7,"hoy!","finalizado")),IF($M$4>D7,"finalizado",""))) | K7: =IF(AND(F6<>"",F8<>""),IF(OR(G6="",G8="",AND(G6=G8,OR(H6="",H8=""))),"3ª posición",IF(G6=G8,IF(H6>H8,F6,F8),IF(G6>G8,F6,F8))),"") -> Argentina | P7: 103 | R7: =IF(ISERROR(VLOOKUP(K7,Hoja1!$D$6:$D$53,1,0)),1,0) -> 0
F8: =IF(Semifinal!K11="SF2","SF2-2",IF(Semifinal!K11=Semifinal!F10,Semifinal!F12,Semifinal!F10)) -> Argentina | G8: 1 | H8: 5 | I8: P 102
C10: F I N A L
C11: Sede | Fecha | Hora | F11: Resultado | H11: Penales | K11: CAMPEON
F13: =Semifinal!K7 -> Francia | G13: 2 | I13: G 101
B14: =IF(OR(F14="en juego",F14="hoy!",F14="finalizado"),"Ø","") | C14: Nueva York | D14: 46222 | E14: 0.58333333 | F14: =IF(OR(D14="",E14="",D14<$M$4),"",IF(D14=$M$4,IF(AND(E14<=$T$26,$T$26<=(E14+0.08333333333)),"en juego",IF($T$26<E14,"hoy!","finalizado")),IF($M$4>D14,"finalizado",""))) | K14: =IF(AND(F13<>"",F15<>""),IF(OR(G13="",G15="",AND(G13=G15,OR(H13="",H15=""))),"Campeón",IF(G13=G15,IF(H13>H15,F13,F15),IF(G13>G15,F13,F15))),"") -> Brasil | P14: 104 | R14: =IF(ISERROR(VLOOKUP(K14,Hoja1!$D$6:$D$53,1,0)),1,0) -> 0
F15: =Semifinal!K11 -> Brasil | G15: 3 | I15: G 102
P16: =IF(K14="campeón",1,"copa") -> copa | Q16: =K14 -> Brasil
C21: =IF(OR(menu!$D$4="",menu!$D$6=""),"Atencion ! Aun te falta poner tu nombre y Pais en la hoja INICIO","")
C22: =IF(K7="3ª posición","Atencion ! Te falta definir el Ganador del 3er Puesto en esta hoja","")
S25: =HOUR(N4) -> 15 | T25: =MINUTE(N4) -> 51
T26: =TIME(S25,T25,0) -> 0.66041667

Sheet Resumen
C2: Nombre: | D2: =TRIM(PROPER(menu!D4)) -> Rocho Y Mao | AT2: Check
C4: Pais: | D4: =IF(menu!$D$6="Otro",TRIM(menu!$D$8),TRIM(menu!D6)) -> COL
C7: Grupo A | J7: Grupo B | Q7: Grupo C | X7: Grupo D | AE7: Grupo E | AL7: Grupo F
AS8: =IF(AU8=144,"","X") | AT8: Fase de Grupos | AU8: ='16vos de Final'!$F$3 -> 144 | AW8: Falta completar Marcadores en Fase de Grupos | BA8: Falta completar Marcadores en Semi final
C9: ='- A -'!C6 -> México | D9: =IF('- A -'!D6<>"",'- A -'!D6,"") -> 3 | E9: =IF(D9=F9,"E",IF(D9>F9,1,2)) -> 1 | F9: =IF('- A -'!F6<>"",'- A -'!F6,"") -> 0 | G9: ='- A -'!G6 -> Sudáfrica | J9: ='- B -'!C6 -> Canadá | K9: =IF('- B -'!D6<>"",'- B -'!D6,"") -> 2 | L9: =IF(K9=M9,"E",IF(K9>M9,1,2)) -> 1 | M9: =IF('- B -'!F6<>"",'- B -'!F6,"") -> 0 | N9: ='- B -'!G6 -> Bosnia | Q9: ='- C -'!C6 -> Brasil | R9: =IF('- C -'!D6<>"",'- C -'!D6,"") -> 2 | S9: =IF(R9=T9,"E",IF(R9>T9,1,2)) -> 1 | T9: =IF('- C -'!F6<>"",'- C -'!F6,"") -> 1 | U9: ='- C -'!G6 -> Marruecos | X9: ='- D -'!C6 -> EE. UU. | Y9: =IF('- D -'!D6<>"",'- D -'!D6,"") -> 1 | Z9: =IF(Y9=AA9,"E",IF(Y9>AA9,1,2)) -> 1 | AA9: =IF('- D -'!F6<>"",'- D -'!F6,"") -> 0 | AB9: ='- D -'!G6 -> Paraguay | AE9: ='- E -'!C6 -> Alemania | AF9: =IF('- E -'!D6<>"",'- E -'!D6,"") -> 4 | AG9: =IF(AF9=AH9,"E",IF(AF9>AH9,1,2)) -> 1 | AH9: =IF('- E -'!F6<>"",'- E -'!F6,"") -> 0 | AI9: ='- E -'!G6 -> Curazao | AL9: ='- F -'!C6 -> Países Bajos | AM9: =IF('- F -'!D6<>"",'- F -'!D6,"") -> 1 | AN9: =IF(AM9=AO9,"E",IF(AM9>AO9,1,2)) -> E | AO9: =IF('- F -'!F6<>"",'- F -'!F6,"") -> 1 | AP9: ='- F -'!G6 -> Japón | AS9: =IF(AU9=0,"","X") | AT9: 16vos | AU9: =SUM('16vos de Final'!$R$6:$R$68) -> 0 | AW9: Falta completar Marcadores en 16vos | BA9: Falta completar Marcadores en 3° puesto
C10: ='- A -'!C7 -> Korea | D10: =IF('- A -'!D7<>"",'- A -'!D7,"") -> 0 | E10: =IF(D10=F10,"E",IF(D10>F10,1,2)) -> 2 | F10: =IF('- A -'!F7<>"",'- A -'!F7,"") -> 2 | G10: ='- A -'!G7 -> República Checa | J10: ='- B -'!C7 -> Catar | K10: =IF('- B -'!D7<>"",'- B -'!D7,"") -> 0 | L10: =IF(K10=M10,"E",IF(K10>M10,1,2)) -> 2 | M10: =IF('- B -'!F7<>"",'- B -'!F7,"") -> 3 | N10: ='- B -'!G7 -> Suiza | Q10: ='- C -'!C7 -> Haití | R10: =IF('- C -'!D7<>"",'- C -'!D7,"") -> 0 | S10: =IF(R10=T10,"E",IF(R10>T10,1,2)) -> 2 | T10: =IF('- C -'!F7<>"",'- C -'!F7,"") -> 3 | U10: ='- C -'!G7 -> Escocia | X10: ='- D -'!C7 -> Australia | Y10: =IF('- D -'!D7<>"",'- D -'!D7,"") -> 1 | Z10: =IF(Y10=AA10,"E",IF(Y10>AA10,1,2)) -> 2 | AA10: =IF('- D -'!F7<>"",'- D -'!F7,"") -> 2 | AB10: ='- D -'!G7 -> Turquía | AE10: ='- E -'!C7 -> Costa de Marfil | AF10: =IF('- E -'!D7<>"",'- E -'!D7,"") -> 1 | AG10: =IF(AF10=AH10,"E",IF(AF10>AH10,1,2)) -> E | AH10: =IF('- E -'!F7<>"",'- E -'!F7,"") -> 1 | AI10: ='- E -'!G7 -> Ecuador | AL10: ='- F -'!C7 -> Suecia | AM10: =IF('- F -'!D7<>"",'- F -'!D7,"") -> 2 | AN10: =IF(AM10=AO10,"E",IF(AM10>AO10,1,2)) -> 1 | AO10: =IF('- F -'!F7<>"",'- F -'!F7,"") -> 0 | AP10: ='- F -'!G7 -> Túnez | AS10: =IF(AU10=0,"","X") | AT10: 8vos | AU10: =SUM('Octavos de Final'!$R$6:$R$36) -> 0 | AW10: Falta completar Marcadores en 8vos | BA10: Falta completar Marcadores en la Final
C11: ='- A -'!C8 -> República Checa | D11: =IF('- A -'!D8<>"",'- A -'!D8,"") -> 2 | E11: =IF(D11=F11,"E",IF(D11>F11,1,2)) -> 1 | F11: =IF('- A -'!F8<>"",'- A -'!F8,"") -> 1 | G11: ='- A -'!G8 -> Sudáfrica | J11: ='- B -'!C8 -> Suiza | K11: =IF('- B -'!D8<>"",'- B -'!D8,"") -> 1 | L11: =IF(K11=M11,"E",IF(K11>M11,1,2)) -> 1 | M11: =IF('- B -'!F8<>"",'- B -'!F8,"") -> 0 | N11: ='- B -'!G8 -> Bosnia | Q11: ='- C -'!C8 -> Escocia | R11: =IF('- C -'!D8<>"",'- C -'!D8,"") -> 0 | S11: =IF(R11=T11,"E",IF(R11>T11,1,2)) -> E | T11: =IF('- C -'!F8<>"",'- C -'!F8,"") -> 0 | U11: ='- C -'!G8 -> Marruecos | X11: ='- D -'!C8 -> EE. UU. | Y11: =IF('- D -'!D8<>"",'- D -'!D8,"") -> 2 | Z11: =IF(Y11=AA11,"E",IF(Y11>AA11,1,2)) -> 1 | AA11: =IF('- D -'!F8<>"",'- D -'!F8,"") -> 1 | AB11: ='- D -'!G8 -> Australia | AE11: ='- E -'!C8 -> Alemania | AF11: =IF('- E -'!D8<>"",'- E -'!D8,"") -> 3 | AG11: =IF(AF11=AH11,"E",IF(AF11>AH11,1,2)) -> 1 | AH11: =IF('- E -'!F8<>"",'- E -'!F8,"") -> 0 | AI11: ='- E -'!G8 -> Costa de Marfil | AL11: ='- F -'!C8 -> Países Bajos | AM11: =IF('- F -'!D8<>"",'- F -'!D8,"") -> 2 | AN11: =IF(AM11=AO11,"E",IF(AM11>AO11,1,2)) -> 1 | AO11: =IF('- F -'!F8<>"",'- F -'!F8,"") -> 1 | AP11: ='- F -'!G8 -> Suecia | AS11: =IF(AU11=0,"","X") | AT11: cuartos | AU11: =SUM('Cuartos de Final'!$R$6:$R$20) -> 0 | AW11: Falta completar Marcadores en Cuartos | BA11: Falta completar Marcadores en Cuartos
C12: ='- A -'!C9 -> México | D12: =IF('- A -'!D9<>"",'- A -'!D9,"") -> 1 | E12: =IF(D12=F12,"E",IF(D12>F12,1,2)) -> E | F12: =IF('- A -'!F9<>"",'- A -'!F9,"") -> 1 | G12: ='- A -'!G9 -> Korea | J12: ='- B -'!C9 -> Canadá | K12: =IF('- B -'!D9<>"",'- B -'!D9,"") -> 1 | L12: =IF(K12=M12,"E",IF(K12>M12,1,2)) -> E | M12: =IF('- B -'!F9<>"",'- B -'!F9,"") -> 1 | N12: ='- B -'!G9 -> Catar | Q12: ='- C -'!C9 -> Brasil | R12: =IF('- C -'!D9<>"",'- C -'!D9,"") -> 3 | S12: =IF(R12=T12,"E",IF(R12>T12,1,2)) -> 1 | T12: =IF('- C -'!F9<>"",'- C -'!F9,"") -> 0 | U12: ='- C -'!G9 -> Haití | X12: ='- D -'!C9 -> Turquía | Y12: =IF('- D -'!D9<>"",'- D -'!D9,"") -> 1 | Z12: =IF(Y12=AA12,"E",IF(Y12>AA12,1,2)) -> 1 | AA12: =IF('- D -'!F9<>"",'- D -'!F9,"") -> 0 | AB12: ='- D -'!G9 -> Paraguay | AE12: ='- E -'!C9 -> Ecuador | AF12: =IF('- E -'!D9<>"",'- E -'!D9,"") -> 2 | AG12: =IF(AF12=AH12,"E",IF(AF12>AH12,1,2)) -> 1 | AH12: =IF('- E -'!F9<>"",'- E -'!F9,"") -> 0 | AI12: ='- E -'!G9 -> Curazao | AL12: ='- F -'!C9 -> Túnez | AM12: =IF('- F -'!D9<>"",'- F -'!D9,"") -> 0 | AN12: =IF(AM12=AO12,"E",IF(AM12>AO12,1,2)) -> E | AO12: =IF('- F -'!F9<>"",'- F -'!F9,"") -> 0 | AP12: ='- F -'!G9 -> Japón | AS12: =IF(AU12=0,"","X") | AT12: Semi | AU12: =SUM(Semifinal!$R$6:$R$12) -> 0 | BA12: Falta completar Marcadores en Semi final
C13: ='- A -'!C10 -> República Checa | D13: =IF('- A -'!D10<>"",'- A -'!D10,"") -> 1 | E13: =IF(D13=F13,"E",IF(D13>F13,1,2)) -> 2 | F13: =IF('- A -'!F10<>"",'- A -'!F10,"") -> 2 | G13: ='- A -'!G10 -> México | J13: ='- B -'!C10 -> Suiza | K13: =IF('- B -'!D10<>"",'- B -'!D10,"") -> 1 | L13: =IF(K13=M13,"E",IF(K13>M13,1,2)) -> E | M13: =IF('- B -'!F10<>"",'- B -'!F10,"") -> 1 | N13: ='- B -'!G10 -> Canadá | Q13: ='- C -'!C10 -> Escocia | R13: =IF('- C -'!D10<>"",'- C -'!D10,"") -> 2 | S13: =IF(R13=T13,"E",IF(R13>T13,1,2)) -> E | T13: =IF('- C -'!F10<>"",'- C -'!F10,"") -> 2 | U13: ='- C -'!G10 -> Brasil | X13: ='- D -'!C10 -> Turquía | Y13: =IF('- D -'!D10<>"",'- D -'!D10,"") -> 0 | Z13: =IF(Y13=AA13,"E",IF(Y13>AA13,1,2)) -> E | AA13: =IF('- D -'!F10<>"",'- D -'!F10,"") -> 0 | AB13: ='- D -'!G10 -> EE. UU. | AE13: ='- E -'!C10 -> Curazao | AF13: =IF('- E -'!D10<>"",'- E -'!D10,"") -> 1 | AG13: =IF(AF13=AH13,"E",IF(AF13>AH13,1,2)) -> 2 | AH13: =IF('- E -'!F10<>"",'- E -'!F10,"") -> 2 | AI13: ='- E -'!G10 -> Costa de Marfil | AL13: ='- F -'!C10 -> Japón | AM13: =IF('- F -'!D10<>"",'- F -'!D10,"") -> 2 | AN13: =IF(AM13=AO13,"E",IF(AM13>AO13,1,2)) -> 1 | AO13: =IF('- F -'!F10<>"",'- F -'!F10,"") -> 0 | AP13: ='- F -'!G10 -> Suecia | AS13: =IF(AU13=0,"","X") | AT13: 3ro | AU13: =SUM(FINAL!$R$7) -> 0
C14: ='- A -'!C11 -> Sudáfrica | D14: =IF('- A -'!D11<>"",'- A -'!D11,"") -> 0 | E14: =IF(D14=F14,"E",IF(D14>F14,1,2)) -> 2 | F14: =IF('- A -'!F11<>"",'- A -'!F11,"") -> 2 | G14: ='- A -'!G11 -> Korea | J14: ='- B -'!C11 -> Bosnia | K14: =IF('- B -'!D11<>"",'- B -'!D11,"") -> 3 | L14: =IF(K14=M14,"E",IF(K14>M14,1,2)) -> 1 | M14: =IF('- B -'!F11<>"",'- B -'!F11,"") -> 1 | N14: ='- B -'!G11 -> Catar | Q14: ='- C -'!C11 -> Marruecos | R14: =IF('- C -'!D11<>"",'- C -'!D11,"") -> 1 | S14: =IF(R14=T14,"E",IF(R14>T14,1,2)) -> 1 | T14: =IF('- C -'!F11<>"",'- C -'!F11,"") -> 0 | U14: ='- C -'!G11 -> Haití | X14: ='- D -'!C11 -> Paraguay | Y14: =IF('- D -'!D11<>"",'- D -'!D11,"") -> 2 | Z14: =IF(Y14=AA14,"E",IF(Y14>AA14,1,2)) -> 1 | AA14: =IF('- D -'!F11<>"",'- D -'!F11,"") -> 0 | AB14: ='- D -'!G11 -> Australia | AE14: ='- E -'!C11 -> Ecuador | AF14: =IF('- E -'!D11<>"",'- E -'!D11,"") -> 0 | AG14: =IF(AF14=AH14,"E",IF(AF14>AH14,1,2)) -> 2 | AH14: =IF('- E -'!F11<>"",'- E -'!F11,"") -> 2 | AI14: ='- E -'!G11 -> Alemania | AL14: ='- F -'!C11 -> Túnez | AM14: =IF('- F -'!D11<>"",'- F -'!D11,"") -> 0 | AN14: =IF(AM14=AO14,"E",IF(AM14>AO14,1,2)) -> 2 | AO14: =IF('- F -'!F11<>"",'- F -'!F11,"") -> 3 | AP14: ='- F -'!G11 -> Países Bajos | AS14: =IF(AU14=0,"","X") | AT14: Campeon | AU14: =SUM(FINAL!$R$14) -> 0
C16: Grupo G | J16: Grupo H | Q16: Grupo I | X16: Grupo J | AE16: Grupo K | AL16: Grupo L
C18: ='- G -'!C6 -> Bélgica | D18: =IF('- G -'!D6<>"",'- G -'!D6,"") -> 2 | E18: =IF(D18=F18,"E",IF(D18>F18,1,2)) -> 1 | F18: =IF('- G -'!F6<>"",'- G -'!F6,"") -> 0 | G18: ='- G -'!G6 -> Egipto | J18: ='- H -'!C6 -> España | K18: =IF('- H -'!D6<>"",'- H -'!D6,"") -> 4 | L18: =IF(K18=M18,"E",IF(K18>M18,1,2)) -> 1 | M18: =IF('- H -'!F6<>"",'- H -'!F6,"") -> 0 | N18: ='- H -'!G6 -> Cabo Verde | Q18: ='- I -'!C6 -> Francia | R18: =IF('- I -'!D6<>"",'- I -'!D6,"") -> 2 | S18: =IF(R18=T18,"E",IF(R18>T18,1,2)) -> 1 | T18: =IF('- I -'!F6<>"",'- I -'!F6,"") -> 0 | U18: ='- I -'!G6 -> Senegal | X18: ='- J -'!C6 -> Argentina | Y18: =IF('- J -'!D6<>"",'- J -'!D6,"") -> 2 | Z18: =IF(Y18=AA18,"E",IF(Y18>AA18,1,2)) -> 1 | AA18: =IF('- J -'!F6<>"",'- J -'!F6,"") -> 0 | AB18: ='- J -'!G6 -> Argelia | AE18: ='- K -'!C6 -> Portugal | AF18: =IF('- K -'!D6<>"",'- K -'!D6,"") -> 4 | AG18: =IF(AF18=AH18,"E",IF(AF18>AH18,1,2)) -> 1 | AH18: =IF('- K -'!F6<>"",'- K -'!F6,"") -> 0 | AI18: ='- K -'!G6 -> RD Congo | AL18: ='- L -'!C6 -> Inglaterra | AM18: =IF('- L -'!D6<>"",'- L -'!D6,"") -> 1 | AN18: =IF(AM18=AO18,"E",IF(AM18>AO18,1,2)) -> 1 | AO18: =IF('- L -'!F6<>"",'- L -'!F6,"") -> 0 | AP18: ='- L -'!G6 -> Croacia
C19: ='- G -'!C7 -> Irán | D19: =IF('- G -'!D7<>"",'- G -'!D7,"") -> 1 | E19: =IF(D19=F19,"E",IF(D19>F19,1,2)) -> 1 | F19: =IF('- G -'!F7<>"",'- G -'!F7,"") -> 0 | G19: ='- G -'!G7 -> Nueva Zelanda | J19: ='- H -'!C7 -> Arabia Saudí | K19: =IF('- H -'!D7<>"",'- H -'!D7,"") -> 0 | L19: =IF(K19=M19,"E",IF(K19>M19,1,2)) -> 2 | M19: =IF('- H -'!F7<>"",'- H -'!F7,"") -> 1 | N19: ='- H -'!G7 -> Uruguay | Q19: ='- I -'!C7 -> Irak | R19: =IF('- I -'!D7<>"",'- I -'!D7,"") -> 0 | S19: =IF(R19=T19,"E",IF(R19>T19,1,2)) -> 2 | T19: =IF('- I -'!F7<>"",'- I -'!F7,"") -> 2 | U19: ='- I -'!G7 -> Noruega | X19: ='- J -'!C7 -> Austria | Y19: =IF('- J -'!D7<>"",'- J -'!D7,"") -> 2 | Z19: =IF(Y19=AA19,"E",IF(Y19>AA19,1,2)) -> 1 | AA19: =IF('- J -'!F7<>"",'- J -'!F7,"") -> 1 | AB19: ='- J -'!G7 -> Jordania | AE19: ='- K -'!C7 -> Uzbekistán | AF19: =IF('- K -'!D7<>"",'- K -'!D7,"") -> 0 | AG19: =IF(AF19=AH19,"E",IF(AF19>AH19,1,2)) -> 2 | AH19: =IF('- K -'!F7<>"",'- K -'!F7,"") -> 3 | AI19: ='- K -'!G7 -> Colombia | AL19: ='- L -'!C7 -> Ghana | AM19: =IF('- L -'!D7<>"",'- L -'!D7,"") -> 1 | AN19: =IF(AM19=AO19,"E",IF(AM19>AO19,1,2)) -> 1 | AO19: =IF('- L -'!F7<>"",'- L -'!F7,"") -> 0 | AP19: ='- L -'!G7 -> Panamá
C20: ='- G -'!C8 -> Bélgica | D20: =IF('- G -'!D8<>"",'- G -'!D8,"") -> 1 | E20: =IF(D20=F20,"E",IF(D20>F20,1,2)) -> 1 | F20: =IF('- G -'!F8<>"",'- G -'!F8,"") -> 0 | G20: ='- G -'!G8 -> Irán | J20: ='- H -'!C8 -> España | K20: =IF('- H -'!D8<>"",'- H -'!D8,"") -> 2 | L20: =IF(K20=M20,"E",IF(K20>M20,1,2)) -> 1 | M20: =IF('- H -'!F8<>"",'- H -'!F8,"") -> 0 | N20: ='- H -'!G8 -> Arabia Saudí | Q20: ='- I -'!C8 -> Francia | R20: =IF('- I -'!D8<>"",'- I -'!D8,"") -> 4 | S20: =IF(R20=T20,"E",IF(R20>T20,1,2)) -> 1 | T20: =IF('- I -'!F8<>"",'- I -'!F8,"") -> 0 | U20: ='- I -'!G8 -> Irak | X20: ='- J -'!C8 -> Argentina | Y20: =IF('- J -'!D8<>"",'- J -'!D8,"") -> 1 | Z20: =IF(Y20=AA20,"E",IF(Y20>AA20,1,2)) -> 1 | AA20: =IF('- J -'!F8<>"",'- J -'!F8,"") -> 0 | AB20: ='- J -'!G8 -> Austria | AE20: ='- K -'!C8 -> Portugal | AF20: =IF('- K -'!D8<>"",'- K -'!D8,"") -> 3 | AG20: =IF(AF20=AH20,"E",IF(AF20>AH20,1,2)) -> 1 | AH20: =IF('- K -'!F8<>"",'- K -'!F8,"") -> 0 | AI20: ='- K -'!G8 -> Uzbekistán | AL20: ='- L -'!C8 -> Inglaterra | AM20: =IF('- L -'!D8<>"",'- L -'!D8,"") -> 2 | AN20: =IF(AM20=AO20,"E",IF(AM20>AO20,1,2)) -> 1 | AO20: =IF('- L -'!F8<>"",'- L -'!F8,"") -> 0 | AP20: ='- L -'!G8 -> Ghana
C21: ='- G -'!C9 -> Nueva Zelanda | D21: =IF('- G -'!D9<>"",'- G -'!D9,"") -> 0 | E21: =IF(D21=F21,"E",IF(D21>F21,1,2)) -> 2 | F21: =IF('- G -'!F9<>"",'- G -'!F9,"") -> 3 | G21: ='- G -'!G9 -> Egipto | J21: ='- H -'!C9 -> Uruguay | K21: =IF('- H -'!D9<>"",'- H -'!D9,"") -> 3 | L21: =IF(K21=M21,"E",IF(K21>M21,1,2)) -> 1 | M21: =IF('- H -'!F9<>"",'- H -'!F9,"") -> 0 | N21: ='- H -'!G9 -> Cabo Verde | Q21: ='- I -'!C9 -> Noruega | R21: =IF('- I -'!D9<>"",'- I -'!D9,"") -> 1 | S21: =IF(R21=T21,"E",IF(R21>T21,1,2)) -> E | T21: =IF('- I -'!F9<>"",'- I -'!F9,"") -> 1 | U21: ='- I -'!G9 -> Senegal | X21: ='- J -'!C9 -> Jordania | Y21: =IF('- J -'!D9<>"",'- J -'!D9,"") -> 1 | Z21: =IF(Y21=AA21,"E",IF(Y21>AA21,1,2)) -> E | AA21: =IF('- J -'!F9<>"",'- J -'!F9,"") -> 1 | AB21: ='- J -'!G9 -> Argelia | AE21: ='- K -'!C9 -> Colombia | AF21: =IF('- K -'!D9<>"",'- K -'!D9,"") -> 2 | AG21: =IF(AF21=AH21,"E",IF(AF21>AH21,1,2)) -> 1 | AH21: =IF('- K -'!F9<>"",'- K -'!F9,"") -> 0 | AI21: ='- K -'!G9 -> RD Congo | AL21: ='- L -'!C9 -> Panamá | AM21: =IF('- L -'!D9<>"",'- L -'!D9,"") -> 1 | AN21: =IF(AM21=AO21,"E",IF(AM21>AO21,1,2)) -> 2 | AO21: =IF('- L -'!F9<>"",'- L -'!F9,"") -> 3 | AP21: ='- L -'!G9 -> Croacia
C22: ='- G -'!C10 -> Egipto | D22: =IF('- G -'!D10<>"",'- G -'!D10,"") -> 1 | E22: =IF(D22=F22,"E",IF(D22>F22,1,2)) -> E | F22: =IF('- G -'!F10<>"",'- G -'!F10,"") -> 1 | G22: ='- G -'!G10 -> Irán | J22: ='- H -'!C10 -> Cabo Verde | K22: =IF('- H -'!D10<>"",'- H -'!D10,"") -> 2 | L22: =IF(K22=M22,"E",IF(K22>M22,1,2)) -> 1 | M22: =IF('- H -'!F10<>"",'- H -'!F10,"") -> 1 | N22: ='- H -'!G10 -> Arabia Saudí | Q22: ='- I -'!C10 -> Noruega | R22: =IF('- I -'!D10<>"",'- I -'!D10,"") -> 1 | S22: =IF(R22=T22,"E",IF(R22>T22,1,2)) -> 2 | T22: =IF('- I -'!F10<>"",'- I -'!F10,"") -> 3 | U22: ='- I -'!G10 -> Francia | X22: ='- J -'!C10 -> Argelia | Y22: =IF('- J -'!D10<>"",'- J -'!D10,"") -> 0 | Z22: =IF(Y22=AA22,"E",IF(Y22>AA22,1,2)) -> 2 | AA22: =IF('- J -'!F10<>"",'- J -'!F10,"") -> 2 | AB22: ='- J -'!G10 -> Austria | AE22: ='- K -'!C10 -> Colombia | AF22: =IF('- K -'!D10<>"",'- K -'!D10,"") -> 1 | AG22: =IF(AF22=AH22,"E",IF(AF22>AH22,1,2)) -> 2 | AH22: =IF('- K -'!F10<>"",'- K -'!F10,"") -> 2 | AI22: ='- K -'!G10 -> Portugal | AL22: ='- L -'!C10 -> Panamá | AM22: =IF('- L -'!D10<>"",'- L -'!D10,"") -> 0 | AN22: =IF(AM22=AO22,"E",IF(AM22>AO22,1,2)) -> 2 | AO22: =IF('- L -'!F10<>"",'- L -'!F10,"") -> 3 | AP22: ='- L -'!G10 -> Inglaterra
C23: ='- G -'!C11 -> Nueva Zelanda | D23: =IF('- G -'!D11<>"",'- G -'!D11,"") -> 1 | E23: =IF(D23=F23,"E",IF(D23>F23,1,2)) -> E | F23: =IF('- G -'!F11<>"",'- G -'!F11,"") -> 1 | G23: ='- G -'!G11 -> Bélgica | J23: ='- H -'!C11 -> Uruguay | K23: =IF('- H -'!D11<>"",'- H -'!D11,"") -> 0 | L23: =IF(K23=M23,"E",IF(K23>M23,1,2)) -> 2 | M23: =IF('- H -'!F11<>"",'- H -'!F11,"") -> 1 | N23: ='- H -'!G11 -> España | Q23: ='- I -'!C11 -> Senegal | R23: =IF('- I -'!D11<>"",'- I -'!D11,"") -> 2 | S23: =IF(R23=T23,"E",IF(R23>T23,1,2)) -> 1 | T23: =IF('- I -'!F11<>"",'- I -'!F11,"") -> 1 | U23: ='- I -'!G11 -> Irak | X23: ='- J -'!C11 -> Jordania | Y23: =IF('- J -'!D11<>"",'- J -'!D11,"") -> 1 | Z23: =IF(Y23=AA23,"E",IF(Y23>AA23,1,2)) -> 2 | AA23: =IF('- J -'!F11<>"",'- J -'!F11,"") -> 3 | AB23: ='- J -'!G11 -> Argentina | AE23: ='- K -'!C11 -> RD Congo | AF23: =IF('- K -'!D11<>"",'- K -'!D11,"") -> 1 | AG23: =IF(AF23=AH23,"E",IF(AF23>AH23,1,2)) -> 1 | AH23: =IF('- K -'!F11<>"",'- K -'!F11,"") -> 0 | AI23: ='- K -'!G11 -> Uzbekistán | AL23: ='- L -'!C11 -> Croacia | AM23: =IF('- L -'!D11<>"",'- L -'!D11,"") -> 2 | AN23: =IF(AM23=AO23,"E",IF(AM23>AO23,1,2)) -> 1 | AO23: =IF('- L -'!F11<>"",'- L -'!F11,"") -> 1 | AP23: ='- L -'!G11 -> Ghana
C25: Dieciseisavos de Final | J25: Octavos de Final | Q25: Cuartos de Final | X25: Semifinal | AE25: Final
C27: ='16vos de Final'!F6 -> República Checa | D27: =IF('16vos de Final'!G6<>"",'16vos de Final'!G6,"") -> 1 | F27: =IF('16vos de Final'!G8<>"",'16vos de Final'!G8,"") -> 3 | G27: ='16vos de Final'!F8 -> Canadá | J27: ='Octavos de Final'!F6 -> Canadá | K27: =IF('Octavos de Final'!G6<>"",'Octavos de Final'!G6,"") -> 2 | M27: =IF('Octavos de Final'!G8<>"",'Octavos de Final'!G8,"") -> 3 | N27: ='Octavos de Final'!F8 -> Países Bajos
C28: ='16vos de Final'!F18 -> Países Bajos | D28: =IF('16vos de Final'!G18<>"",'16vos de Final'!G18,"") -> 4 | F28: =IF('16vos de Final'!G20<>"",'16vos de Final'!G20,"") -> 2 | G28: ='16vos de Final'!F20 -> Escocia
Q29: ='Cuartos de Final'!F6 -> Francia | R29: =IF('Cuartos de Final'!G6<>"",'Cuartos de Final'!G6,"") -> 2 | T29: =IF('Cuartos de Final'!G8<>"",'Cuartos de Final'!G8,"") -> 2 | U29: ='Cuartos de Final'!F8 -> Países Bajos
C31: ='16vos de Final'!F14 -> Alemania | D31: =IF('16vos de Final'!G14<>"",'16vos de Final'!G14,"") -> 3 | F31: =IF('16vos de Final'!G16<>"",'16vos de Final'!G16,"") -> 1 | G31: ='16vos de Final'!F16 -> Paraguay | J31: ='Octavos de Final'!F10 -> Alemania | K31: =IF('Octavos de Final'!G10<>"",'Octavos de Final'!G10,"") -> 2 | M31: =IF('Octavos de Final'!G12<>"",'Octavos de Final'!G12,"") -> 3 | N31: ='Octavos de Final'!F12 -> Francia
C32: ='16vos de Final'!F26 -> Francia | D32: =IF('16vos de Final'!G26<>"",'16vos de Final'!G26,"") -> 4 | F32: =IF('16vos de Final'!G28<>"",'16vos de Final'!G28,"") -> 1 | G32: ='16vos de Final'!F28 -> Suecia
X33: =Semifinal!F6 -> Francia | Y33: =IF(Semifinal!G6<>"",Semifinal!G6,"") -> 4 | AA33: =IF(Semifinal!G8<>"",Semifinal!G8,"") -> 3 | AB33: =Semifinal!F8 -> España
C36: ='16vos de Final'!F50 -> Colombia | D36: =IF('16vos de Final'!G50<>"",'16vos de Final'!G50,"") -> 2 | F36: =IF('16vos de Final'!G52<>"",'16vos de Final'!G52,"") -> 2 | G36: ='16vos de Final'!F52 -> Croacia | J36: ='Octavos de Final'!F22 -> Croacia | K36: =IF('Octavos de Final'!G22<>"",'Octavos de Final'!G22,"") -> 2 | M36: =IF('Octavos de Final'!G24<>"",'Octavos de Final'!G24,"") -> 4 | N36: ='Octavos de Final'!F24 -> España
C37: ='16vos de Final'!F46 -> España | D37: =IF('16vos de Final'!G46<>"",'16vos de Final'!G46,"") -> 4 | F37: =IF('16vos de Final'!G48<>"",'16vos de Final'!G48,"") -> 1 | G37: ='16vos de Final'!F48 -> Austria
Q38: ='Cuartos de Final'!F10 -> España | R38: =IF('Cuartos de Final'!G10<>"",'Cuartos de Final'!G10,"") -> 3 | T38: =IF('Cuartos de Final'!G12<>"",'Cuartos de Final'!G12,"") -> 2 | U38: ='Cuartos de Final'!F12 -> Bélgica | AE38: Final | AL38: Campeón
C40: ='16vos de Final'!F42 -> EE. UU. | D40: =IF('16vos de Final'!G42<>"",'16vos de Final'!G42,"") -> 1 | F40: =IF('16vos de Final'!G44<>"",'16vos de Final'!G44,"") -> 0 | G40: ='16vos de Final'!F44 -> Bosnia | J40: ='Octavos de Final'!F26 -> EE. UU. | K40: =IF('Octavos de Final'!G26<>"",'Octavos de Final'!G26,"") -> 1 | M40: =IF('Octavos de Final'!G28<>"",'Octavos de Final'!G28,"") -> 3 | N40: ='Octavos de Final'!F28 -> Bélgica | AE40: =FINAL!F13 -> Francia | AF40: =IF(FINAL!G13<>"",FINAL!G13,"") -> 2 | AH40: =IF(FINAL!G15<>"",FINAL!G15,"") -> 3 | AI40: =FINAL!F15 -> Brasil | AL40: =FINAL!K14 -> Brasil
C41: ='16vos de Final'!F38 -> Bélgica | D41: =IF('16vos de Final'!G38<>"",'16vos de Final'!G38,"") -> 3 | F41: =IF('16vos de Final'!G40<>"",'16vos de Final'!G40,"") -> 1 | G41: ='16vos de Final'!F40 -> Korea
AE43: 3ª Posición
AL44: Tercero
C45: ='16vos de Final'!F10 -> Brasil | D45: =IF('16vos de Final'!G10<>"",'16vos de Final'!G10,"") -> 2 | F45: =IF('16vos de Final'!G12<>"",'16vos de Final'!G12,"") -> 1 | G45: ='16vos de Final'!F12 -> Japón | J45: ='Octavos de Final'!F14 -> Brasil | K45: =IF('Octavos de Final'!G14<>"",'Octavos de Final'!G14,"") -> 2 | M45: =IF('Octavos de Final'!G16<>"",'Octavos de Final'!G16,"") -> 1 | N45: ='Octavos de Final'!F16 -> Noruega | AE45: =FINAL!F6 -> España | AF45: =IF(FINAL!G6<>"",FINAL!G6,"") -> 1 | AH45: =IF(FINAL!G8<>"",FINAL!G8,"") -> 1 | AI45: =FINAL!F8 -> Argentina | AL45: =FINAL!K7 -> Argentina
C46: ='16vos de Final'!F22 -> Ecuador | D46: =IF('16vos de Final'!G22<>"",'16vos de Final'!G22,"") -> 1 | F46: =IF('16vos de Final'!G24<>"",'16vos de Final'!G24,"") -> 1 | G46: ='16vos de Final'!F24 -> Noruega
Q47: ='Cuartos de Final'!F14 -> Brasil | R47: =IF('Cuartos de Final'!G14<>"",'Cuartos de Final'!G14,"") -> 3 | T47: =IF('Cuartos de Final'!G16<>"",'Cuartos de Final'!G16,"") -> 1 | U47: ='Cuartos de Final'!F16 -> Inglaterra
C49: ='16vos de Final'!F30 -> México | D49: =IF('16vos de Final'!G30<>"",'16vos de Final'!G30,"") -> 2 | F49: =IF('16vos de Final'!G32<>"",'16vos de Final'!G32,"") -> 3 | G49: ='16vos de Final'!F32 -> Marruecos | J49: ='Octavos de Final'!F18 -> Marruecos | K49: =IF('Octavos de Final'!G18<>"",'Octavos de Final'!G18,"") -> 1 | M49: =IF('Octavos de Final'!G20<>"",'Octavos de Final'!G20,"") -> 3 | N49: ='Octavos de Final'!F20 -> Inglaterra
C50: ='16vos de Final'!F34 -> Inglaterra | D50: =IF('16vos de Final'!G34<>"",'16vos de Final'!G34,"") -> 2 | F50: =IF('16vos de Final'!G36<>"",'16vos de Final'!G36,"") -> 1 | G50: ='16vos de Final'!F36 -> Senegal
X51: =Semifinal!F10 -> Brasil | Y51: =IF(Semifinal!G10<>"",Semifinal!G10,"") -> 3 | AA51: =IF(Semifinal!G12<>"",Semifinal!G12,"") -> 2 | AB51: =Semifinal!F12 -> Argentina
C54: ='16vos de Final'!F62 -> Argentina | D54: =IF('16vos de Final'!G62<>"",'16vos de Final'!G62,"") -> 3 | F54: =IF('16vos de Final'!G64<>"",'16vos de Final'!G64,"") -> 1 | G54: ='16vos de Final'!F64 -> Uruguay | J54: ='Octavos de Final'!F30 -> Argentina | K54: =IF('Octavos de Final'!G30<>"",'Octavos de Final'!G30,"") -> 3 | M54: =IF('Octavos de Final'!G32<>"",'Octavos de Final'!G32,"") -> 2 | N54: ='Octavos de Final'!F32 -> Turquía
C55: ='16vos de Final'!F58 -> Turquía | D55: =IF('16vos de Final'!G58<>"",'16vos de Final'!G58,"") -> 3 | F55: =IF('16vos de Final'!G60<>"",'16vos de Final'!G60,"") -> 1 | G55: ='16vos de Final'!F60 -> Egipto
Q56: ='Cuartos de Final'!F18 -> Argentina | R56: =IF('Cuartos de Final'!G18<>"",'Cuartos de Final'!G18,"") -> 2 | T56: =IF('Cuartos de Final'!G20<>"",'Cuartos de Final'!G20,"") -> 2 | U56: ='Cuartos de Final'!F20 -> Portugal
C58: ='16vos de Final'!F54 -> Suiza | D58: =IF('16vos de Final'!G54<>"",'16vos de Final'!G54,"") -> 2 | F58: =IF('16vos de Final'!G56<>"",'16vos de Final'!G56,"") -> 0 | G58: ='16vos de Final'!F56 -> Irán | J58: ='Octavos de Final'!F34 -> Suiza | K58: =IF('Octavos de Final'!G34<>"",'Octavos de Final'!G34,"") -> 1 | M58: =IF('Octavos de Final'!G36<>"",'Octavos de Final'!G36,"") -> 2 | N58: ='Octavos de Final'!F36 -> Portugal
C59: ='16vos de Final'!F66 -> Portugal | D59: =IF('16vos de Final'!G66<>"",'16vos de Final'!G66,"") -> 2 | F59: =IF('16vos de Final'!G68<>"",'16vos de Final'!G68,"") -> 0 | G59: ='16vos de Final'!F68 -> Costa de Marfil
C61: Dieciseisavos de Final | J61: Octavos | Q61: Cuartos | X61: Semi | AE61: 3° puesto
C63: Encuentros: | J63: Encuentros: | Q63: Encuentros: | X63: Encuentros: | AE63: Encuentros:
C64: =C27&G27 -> República ChecaCanadá | D64: =D27 -> 1 | F64: =F27 -> 3 | J64: =J27&N27 -> CanadáPaíses Bajos | K64: =K27 -> 2 | M64: =M27 -> 3 | Q64: =Q29&U29 -> FranciaPaíses Bajos | R64: =R29 -> 2 | T64: =T29 -> 2 | X64: =X33&AB33 -> FranciaEspaña | Y64: =Y33 -> 4 | AA64: =AA33 -> 3 | AE64: =AE45&AI45 -> EspañaArgentina | AF64: =AF45 -> 1 | AH64: =AH45 -> 1
C65: =C28&G28 -> Países BajosEscocia | D65: =D28 -> 4 | F65: =F28 -> 2 | J65: =J31&N31 -> AlemaniaFrancia | K65: =K31 -> 2 | M65: =M31 -> 3 | Q65: =Q38&U38 -> EspañaBélgica | R65: =R38 -> 3 | T65: =T38 -> 2 | X65: =X51&AB51 -> BrasilArgentina | Y65: =Y51 -> 3 | AA65: =AA51 -> 2 | AE65: =AI45&AE45 -> ArgentinaEspaña | AF65: =AH45 -> 1 | AH65: =AF45 -> 1
C66: =C31&G31 -> AlemaniaParaguay | D66: =D31 -> 3 | F66: =F31 -> 1 | J66: =J36&N36 -> CroaciaEspaña | K66: =K36 -> 2 | M66: =M36 -> 4 | Q66: =Q47&U47 -> BrasilInglaterra | R66: =R47 -> 3 | T66: =T47 -> 1 | AI66: Subcampeon | AL66: =IF(AL40=AE40,AI40,AE40) -> Francia
C67: =C32&G32 -> FranciaSuecia | D67: =D32 -> 4 | F67: =F32 -> 1 | J67: =J40&N40 -> EE. UU.Bélgica | K67: =K40 -> 1 | M67: =M40 -> 3 | Q67: =Q56&U56 -> ArgentinaPortugal | R67: =R56 -> 2 | T67: =T56 -> 2 | X67: =AB33&X33 -> EspañaFrancia | Y67: =AA33 -> 3 | AA67: =Y33 -> 4 | AI67: 4° | AL67: =IF(AL45=AE45,AI45,AE45) -> España
C68: =C36&G36 -> ColombiaCroacia | D68: =D36 -> 2 | F68: =F36 -> 2 | J68: =J45&N45 -> BrasilNoruega | K68: =K45 -> 2 | M68: =M45 -> 1 | X68: =AB51&X51 -> ArgentinaBrasil | Y68: =AA51 -> 2 | AA68: =Y51 -> 3
C69: =C37&G37 -> EspañaAustria | D69: =D37 -> 4 | F69: =F37 -> 1 | J69: =J49&N49 -> MarruecosInglaterra | K69: =K49 -> 1 | M69: =M49 -> 3 | Q69: =U29&Q29 -> Países BajosFrancia | R69: =T29 -> 2 | T69: =R29 -> 2
C70: =C40&G40 -> EE. UU.Bosnia | D70: =D40 -> 1 | F70: =F40 -> 0 | J70: =J54&N54 -> ArgentinaTurquía | K70: =K54 -> 3 | M70: =M54 -> 2 | Q70: =U38&Q38 -> BélgicaEspaña | R70: =T38 -> 2 | T70: =R38 -> 3
C71: =C41&G41 -> BélgicaKorea | D71: =D41 -> 3 | F71: =F41 -> 1 | J71: =J58&N58 -> SuizaPortugal | K71: =K58 -> 1 | M71: =M58 -> 2 | Q71: =U47&Q47 -> InglaterraBrasil | R71: =T47 -> 1 | T71: =R47 -> 3
C72: =C45&G45 -> BrasilJapón | D72: =D45 -> 2 | F72: =F45 -> 1 | Q72: =U56&Q56 -> PortugalArgentina | R72: =T56 -> 2 | T72: =R56 -> 2
C73: =C46&G46 -> EcuadorNoruega | D73: =D46 -> 1 | F73: =F46 -> 1 | J73: =N27&J27 -> Países BajosCanadá | K73: =M27 -> 3 | M73: =K27 -> 2 | AE73: FINAL
C74: =C49&G49 -> MéxicoMarruecos | D74: =D49 -> 2 | F74: =F49 -> 3 | J74: =N31&J31 -> FranciaAlemania | K74: =M31 -> 3 | M74: =K31 -> 2
C75: =C50&G50 -> InglaterraSenegal | D75: =D50 -> 2 | F75: =F50 -> 1 | J75: =N36&J36 -> EspañaCroacia | K75: =M36 -> 4 | M75: =K36 -> 2 | AE75: Encuentros:
C76: =C54&G54 -> ArgentinaUruguay | D76: =D54 -> 3 | F76: =F54 -> 1 | J76: =N40&J40 -> BélgicaEE. UU. | K76: =M40 -> 3 | M76: =K40 -> 1 | AE76: =AE40&AI40 -> FranciaBrasil | AF76: =AF40 -> 2 | AH76: =AH40 -> 3
C77: =C55&G55 -> TurquíaEgipto | D77: =D55 -> 3 | F77: =F55 -> 1 | J77: =N45&J45 -> NoruegaBrasil | K77: =M45 -> 1 | M77: =K45 -> 2 | AE77: =AI40&AE40 -> BrasilFrancia | AF77: =AH40 -> 3 | AH77: =AF40 -> 2
C78: =C58&G58 -> SuizaIrán | D78: =D58 -> 2 | F78: =F58 -> 0 | J78: =N49&J49 -> InglaterraMarruecos | K78: =M49 -> 3 | M78: =K49 -> 1
C79: =C59&G59 -> PortugalCosta de Marfil | D79: =D59 -> 2 | F79: =F59 -> 0 | J79: =N54&J54 -> TurquíaArgentina | K79: =M54 -> 2 | M79: =K54 -> 3
J80: =N58&J58 -> PortugalSuiza | K80: =M58 -> 2 | M80: =K58 -> 1
C81: =G27&C27 -> CanadáRepública Checa | D81: =F27 -> 3 | F81: =D27 -> 1
C82: =G28&C28 -> EscociaPaíses Bajos | D82: =F28 -> 2 | F82: =D28 -> 4
C83: =G31&C31 -> ParaguayAlemania | D83: =F31 -> 1 | F83: =D31 -> 3
C84: =G32&C32 -> SueciaFrancia | D84: =F32 -> 1 | F84: =D32 -> 4
C85: =G36&C36 -> CroaciaColombia | D85: =F36 -> 2 | F85: =D36 -> 2
C86: =G37&C37 -> AustriaEspaña | D86: =F37 -> 1 | F86: =D37 -> 4
C87: =G40&C40 -> BosniaEE. UU. | D87: =F40 -> 0 | F87: =D40 -> 1
C88: =G41&C41 -> KoreaBélgica | D88: =F41 -> 1 | F88: =D41 -> 3
C89: =G45&C45 -> JapónBrasil | D89: =F45 -> 1 | F89: =D45 -> 2
C90: =G46&C46 -> NoruegaEcuador | D90: =F46 -> 1 | F90: =D46 -> 1
C91: =G49&C49 -> MarruecosMéxico | D91: =F49 -> 3 | F91: =D49 -> 2
C92: =G50&C50 -> SenegalInglaterra | D92: =F50 -> 1 | F92: =D50 -> 2
C93: =G54&C54 -> UruguayArgentina | D93: =F54 -> 1 | F93: =D54 -> 3
C94: =G55&C55 -> EgiptoTurquía | D94: =F55 -> 1 | F94: =D55 -> 3
C95: =G58&C58 -> IránSuiza | D95: =F58 -> 0 | F95: =D58 -> 2
C96: =G59&C59 -> Costa de MarfilPortugal | D96: =F59 -> 0 | F96: =D59 -> 2

Sheet Hoja1
A2: copa
A3: 1
A4: 2
A5: 3 | G5: Rank FIFA
D6: México | G6: 16
D7: Sudáfrica | G7: 60
D8: Korea | G8: 22
D9: República Checa | G9: 43
D10: Canadá | G10: 29
D11: Catar | G11: 56
D12: Suiza | G12: 18
D13: Bosnia | G13: 71
D14: Brasil | G14: 5
D15: Marruecos | G15: 8
D16: Haití | G16: 83
D17: Escocia | G17: 38
... D20: Australia | G20: 27
D21: Turquía | G21: 25
D22: Alemania | G22: 10
D23: Curazao | G23: 81
D24: Costa de Marfil | G24: 37
D25: Ecuador | G25: 23
D26: Países Bajos | G26: 7
D27: Japón | G27: 19
D28: Túnez | G28: 47
D29: Suecia | G29: 42
D30: Bélgica | G30: 9
D31: Egipto | G31: 31
D32: Irán | G32: 20
D33: Nueva Zelanda | G33: 85
... D53: Panamá | G53: 33
D54: Campeón
D55: SF1
D56: SF2
D57: OF1 | G57: Copa | H57: CAMPEÓN Mundial 2026 | K57: Campeón Mundial 2026
D58: OF2 | G58: 1
D59: OF3 | G59: 2
D60: OF4 | G60: 3
D61: OF5
D62: OF6
D63: OF7
D64: OF8
D65: CF1
D66: CF2
D67: CF3
D68: CF4
D69: CF5
D70: CF6
D71: CF7
D72: CF8
... D118: 3ro EHIJK

Sheet mejores3
A3: Ranking | B3: Grupo | C3: Terceros | E3: J | F3: G | G3: E | H3: P | I3: GF | J3: GC | K3: DIF | L3: PTS | M3: Fair Play | N3: Amarilla | O3: Doble Amarilla | P3: Roja Directa | Q3: Amarilla + Roja Directa | S3: Ponderado | T3: Puntos | U3: Dif Gol | V3: GF | W3: Fair Play
N4: -1 | O4: -3 | P4: -4 | Q4: -5
A5: =RANK(S5,$S$5:$S$16,0) -> 1 | B5: A | C5: ='- A -'!H$19 -> Korea | E5: ='- A -'!I$19 -> 3 | F5: ='- A -'!J$19 -> 1 | G5: ='- A -'!K$19 -> 1 | H5: ='- A -'!L$19 -> 1 | I5: ='- A -'!M$19 -> 3 | J5: ='- A -'!N$19 -> 3 | K5: ='- A -'!O$19 -> 0 | L5: ='- A -'!P$19 -> 4 | M5: =SUMPRODUCT($N$4:$Q$4,N5:Q5) -> 0 | S5: =SUM(T5:W5) -> 40003000 | T5: =(L5*10000000) -> 40000000 | U5: =K5*100000 -> 0 | V5: =I5*1000 -> 3000 | W5: =M5*10 -> 0
A6: =RANK(S6,$S$5:$S$16,0) -> 7 | B6: B | C6: ='- B -'!H$19 -> Bosnia | E6: ='- B -'!I$19 -> 3 | F6: ='- B -'!J$19 -> 1 | G6: ='- B -'!K$19 -> 0 | H6: ='- B -'!L$19 -> 2 | I6: ='- B -'!M$19 -> 3 | J6: ='- B -'!N$19 -> 4 | K6: ='- B -'!O$19 -> -1 | L6: ='- B -'!P$19 -> 3 | M6: =SUMPRODUCT($N$4:$Q$4,N6:Q6) -> 0 | S6: =SUM(T6:W6) -> 29903000 | T6: =(L6*10000000) -> 30000000 | U6: =K6*100000 -> -100000 | V6: =I6*1000 -> 3000 | W6: =M6*10 -> 0
A7: =RANK(S7,$S$5:$S$16,0) -> 2 | B7: C | C7: ='- C -'!H$19 -> Marruecos | E7: ='- C -'!I$19 -> 3 | F7: ='- C -'!J$19 -> 1 | G7: ='- C -'!K$19 -> 1 | H7: ='- C -'!L$19 -> 1 | I7: ='- C -'!M$19 -> 2 | J7: ='- C -'!N$19 -> 2 | K7: ='- C -'!O$19 -> 0 | L7: ='- C -'!P$19 -> 4 | M7: =SUMPRODUCT($N$4:$Q$4,N7:Q7) -> 0 | S7: =SUM(T7:W7) -> 40002000 | T7: =(L7*10000000) -> 40000000 | U7: =K7*100000 -> 0 | V7: =I7*1000 -> 2000 | W7: =M7*10 -> 0
A8: =RANK(S8,$S$5:$S$16,0) -> 6 | B8: D | C8: ='- D -'!H$19 -> Paraguay | E8: ='- D -'!I$19 -> 3 | F8: ='- D -'!J$19 -> 1 | G8: ='- D -'!K$19 -> 0 | H8: ='- D -'!L$19 -> 2 | I8: ='- D -'!M$19 -> 2 | J8: ='- D -'!N$19 -> 2 | K8: ='- D -'!O$19 -> 0 | L8: ='- D -'!P$19 -> 3 | M8: =SUMPRODUCT($N$4:$Q$4,N8:Q8) -> 0 | S8: =SUM(T8:W8) -> 30002000 | T8: =(L8*10000000) -> 30000000 | U8: =K8*100000 -> 0 | V8: =I8*1000 -> 2000 | W8: =M8*10 -> 0
A9: =RANK(S9,$S$5:$S$16,0) -> 5 | B9: E | C9: ='- E -'!H$19 -> Costa de Marfil | E9: ='- E -'!I$19 -> 3 | F9: ='- E -'!J$19 -> 1 | G9: ='- E -'!K$19 -> 1 | H9: ='- E -'!L$19 -> 1 | I9: ='- E -'!M$19 -> 3 | J9: ='- E -'!N$19 -> 5 | K9: ='- E -'!O$19 -> -2 | L9: ='- E -'!P$19 -> 4 | M9: =SUMPRODUCT($N$4:$Q$4,N9:Q9) -> 0 | S9: =SUM(T9:W9) -> 39803000 | T9: =(L9*10000000) -> 40000000 | U9: =K9*100000 -> -200000 | V9: =I9*1000 -> 3000 | W9: =M9*10 -> 0
A10: =RANK(S10,$S$5:$S$16,0) -> 7 | B10: F | C10: ='- F -'!H$19 -> Suecia | E10: ='- F -'!I$19 -> 3 | F10: ='- F -'!J$19 -> 1 | G10: ='- F -'!K$19 -> 0 | H10: ='- F -'!L$19 -> 2 | I10: ='- F -'!M$19 -> 3 | J10: ='- F -'!N$19 -> 4 | K10: ='- F -'!O$19 -> -1 | L10: ='- F -'!P$19 -> 3 | M10: =SUMPRODUCT($N$4:$Q$4,N10:Q10) -> 0 | S10: =SUM(T10:W10) -> 29903000 | T10: =(L10*10000000) -> 30000000 | U10: =K10*100000 -> -100000 | V10: =I10*1000 -> 3000 | W10: =M10*10 -> 0
A11: =RANK(S11,$S$5:$S$16,0) -> 2 | B11: G | C11: ='- G -'!H$19 -> Irán | E11: ='- G -'!I$19 -> 3 | F11: ='- G -'!J$19 -> 1 | G11: ='- G -'!K$19 -> 1 | H11: ='- G -'!L$19 -> 1 | I11: ='- G -'!M$19 -> 2 | J11: ='- G -'!N$19 -> 2 | K11: ='- G -'!O$19 -> 0 | L11: ='- G -'!P$19 -> 4 | M11: =SUMPRODUCT($N$4:$Q$4,N11:Q11) -> 0 | S11: =SUM(T11:W11) -> 40002000 | T11: =(L11*10000000) -> 40000000 | U11: =K11*100000 -> 0 | V11: =I11*1000 -> 2000 | W11: =M11*10 -> 0
A12: =RANK(S12,$S$5:$S$16,0) -> 11 | B12: H | C12: ='- H -'!H$19 -> Cabo Verde | E12: ='- H -'!I$19 -> 3 | F12: ='- H -'!J$19 -> 1 | G12: ='- H -'!K$19 -> 0 | H12: ='- H -'!L$19 -> 2 | I12: ='- H -'!M$19 -> 2 | J12: ='- H -'!N$19 -> 8 | K12: ='- H -'!O$19 -> -6 | L12: ='- H -'!P$19 -> 3 | M12: =SUMPRODUCT($N$4:$Q$4,N12:Q12) -> 0 | S12: =SUM(T12:W12) -> 29402000 | T12: =(L12*10000000) -> 30000000 | U12: =K12*100000 -> -600000 | V12: =I12*1000 -> 2000 | W12: =M12*10 -> 0
A13: =RANK(S13,$S$5:$S$16,0) -> 4 | B13: I | C13: ='- I -'!H$19 -> Senegal | E13: ='- I -'!I$19 -> 3 | F13: ='- I -'!J$19 -> 1 | G13: ='- I -'!K$19 -> 1 | H13: ='- I -'!L$19 -> 1 | I13: ='- I -'!M$19 -> 3 | J13: ='- I -'!N$19 -> 4 | K13: ='- I -'!O$19 -> -1 | L13: ='- I -'!P$19 -> 4 | M13: =SUMPRODUCT($N$4:$Q$4,N13:Q13) -> 0 | S13: =SUM(T13:W13) -> 39903000 | T13: =(L13*10000000) -> 40000000 | U13: =K13*100000 -> -100000 | V13: =I13*1000 -> 3000 | W13: =M13*10 -> 0
A14: =RANK(S14,$S$5:$S$16,0) -> 12 | B14: J | C14: ='- J -'!H$19 -> Jordania | E14: ='- J -'!I$19 -> 3 | F14: ='- J -'!J$19 -> 0 | G14: ='- J -'!K$19 -> 1 | H14: ='- J -'!L$19 -> 2 | I14: ='- J -'!M$19 -> 3 | J14: ='- J -'!N$19 -> 6 | K14: ='- J -'!O$19 -> -3 | L14: ='- J -'!P$19 -> 1 | M14: =SUMPRODUCT($N$4:$Q$4,N14:Q14) -> 0 | S14: =SUM(T14:W14) -> 9703000 | T14: =(L14*10000000) -> 10000000 | U14: =K14*100000 -> -300000 | V14: =I14*1000 -> 3000 | W14: =M14*10 -> 0
A15: =RANK(S15,$S$5:$S$16,0) -> 10 | B15: K | C15: ='- K -'!H$19 -> RD Congo | E15: ='- K -'!I$19 -> 3 | F15: ='- K -'!J$19 -> 1 | G15: ='- K -'!K$19 -> 0 | H15: ='- K -'!L$19 -> 2 | I15: ='- K -'!M$19 -> 1 | J15: ='- K -'!N$19 -> 6 | K15: ='- K -'!O$19 -> -5 | L15: ='- K -'!P$19 -> 3 | M15: =SUMPRODUCT($N$4:$Q$4,N15:Q15) -> 0 | S15: =SUM(T15:W15) -> 29501000 | T15: =(L15*10000000) -> 30000000 | U15: =K15*100000 -> -500000 | V15: =I15*1000 -> 1000 | W15: =M15*10 -> 0
A16: =RANK(S16,$S$5:$S$16,0) -> 9 | B16: L | C16: ='- L -'!H$19 -> Ghana | E16: ='- L -'!I$19 -> 3 | F16: ='- L -'!J$19 -> 1 | G16: ='- L -'!K$19 -> 0 | H16: ='- L -'!L$19 -> 2 | I16: ='- L -'!M$19 -> 2 | J16: ='- L -'!N$19 -> 4 | K16: ='- L -'!O$19 -> -2 | L16: ='- L -'!P$19 -> 3 | M16: =SUMPRODUCT($N$4:$Q$4,N16:Q16) -> 0 | S16: =SUM(T16:W16) -> 29802000 | T16: =(L16*10000000) -> 30000000 | U16: =K16*100000 -> -200000 | V16: =I16*1000 -> 2000 | W16: =M16*10 -> 0
AO17: 18 | AP17: =AO17+1 -> 19 | AQ17: =AP17+1 -> 20 | AR17: =AQ17+1 -> 21 | AS17: =AR17+1 -> 22 | AT17: =AS17+1 -> 23 | AU17: =AT17+1 -> 24 | AV17: =AU17+1 -> 25
X18: =COUNTIF(X20:X514,"x") -> 1
B19: 8 MEJORES TERCEROS: | E19: J | F19: G | G19: E | H19: P | I19: GF | J19: GC | K19: DIF | L19: PTS | Y19: 1A | Z19: 1B | AA19: 1D | AB19: 1E | AC19: 1G | AD19: 1I | AE19: 1K | AF19: 1L | AO19: 1A | AP19: 1B | AQ19: 1D | AR19: 1E | AS19: 1G | AT19: 1I | AU19: 1K | AV19: 1L
X20: =IF(SUM(AG20:AN20)=8,"X","") | Y20: E | Z20: J | AA20: I | AB20: F | AC20: H | AD20: G | AE20: L | AF20: K | AG20: =IFERROR(VLOOKUP(Y20,$B$21:$T$28,19,0),0) -> 1 | AH20: =IFERROR(VLOOKUP(Z20,$B$21:$T$28,19,0),0) -> 0 | AI20: =IFERROR(VLOOKUP(AA20,$B$21:$T$28,19,0),0) -> 1 | AJ20: =IFERROR(VLOOKUP(AB20,$B$21:$T$28,19,0),0) -> 1 | AK20: =IFERROR(VLOOKUP(AC20,$B$21:$T$28,19,0),0) -> 0 | AL20: =IFERROR(VLOOKUP(AD20,$B$21:$T$28,19,0),0) -> 1 | AM20: =IFERROR(VLOOKUP(AE20,$B$21:$T$28,19,0),0) -> 0 | AN20: =IFERROR(VLOOKUP(AF20,$B$21:$T$28,19,0),0) -> 0 | AO20: =VLOOKUP(Y20,$B$21:$C$28,2,0) -> Costa de Marfil | AP20: =VLOOKUP(Z20,$B$21:$C$28,2,0) -> #N/A | AQ20: =VLOOKUP(AA20,$B$21:$C$28,2,0) -> Senegal | AR20: =VLOOKUP(AB20,$B$21:$C$28,2,0) -> Suecia | AS20: =VLOOKUP(AC20,$B$21:$C$28,2,0) -> #N/A | AT20: =VLOOKUP(AD20,$B$21:$C$28,2,0) -> Irán | AU20: =VLOOKUP(AE20,$B$21:$C$28,2,0) -> #N/A | AV20: =VLOOKUP(AF20,$B$21:$C$28,2,0) -> #N/A
A21: 1 | B21: {=_xlfn._xlws.SORT(B5:S16,18,-1,0)} -> A | C21: Korea | D21: 0 | E21: 3 | F21: 1 | G21: 1 | H21: 1 | I21: 3 | J21: 3 | K21: 0 | L21: 4 | M21: 0 | N21: 0 | O21: 0 | P21: 0 | Q21: 0 | R21: 0 | S21: 40003000 | T21: 1 | X21: =IF(SUM(AG21:AN21)=8,"X","") | Y21: H | Z21: G | AA21: I | AB21: D | AC21: J | AD21: F | AE21: L | AF21: K | AG21: =IFERROR(VLOOKUP(Y21,$B$21:$T$28,19,0),0) -> 0 | AH21: =IFERROR(VLOOKUP(Z21,$B$21:$T$28,19,0),0) -> 1 | AI21: =IFERROR(VLOOKUP(AA21,$B$21:$T$28,19,0),0) -> 1 | AJ21: =IFERROR(VLOOKUP(AB21,$B$21:$T$28,19,0),0) -> 1 | AK21: =IFERROR(VLOOKUP(AC21,$B$21:$T$28,19,0),0) -> 0 | AL21: =IFERROR(VLOOKUP(AD21,$B$21:$T$28,19,0),0) -> 1 | AM21: =IFERROR(VLOOKUP(AE21,$B$21:$T$28,19,0),0) -> 0 | AN21: =IFERROR(VLOOKUP(AF21,$B$21:$T$28,19,0),0) -> 0 | AO21: =VLOOKUP(Y21,$B$21:$C$28,2,0) -> #N/A | AP21: =VLOOKUP(Z21,$B$21:$C$28,2,0) -> Irán | AQ21: =VLOOKUP(AA21,$B$21:$C$28,2,0) -> Senegal | AR21: =VLOOKUP(AB21,$B$21:$C$28,2,0) -> Paraguay | AS21: =VLOOKUP(AC21,$B$21:$C$28,2,0) -> #N/A | AT21: =VLOOKUP(AD21,$B$21:$C$28,2,0) -> Suecia | AU21: =VLOOKUP(AE21,$B$21:$C$28,2,0) -> #N/A | AV21: =VLOOKUP(AF21,$B$21:$C$28,2,0) -> #N/A
A22: =A21+1 -> 2 | B22: C | C22: Marruecos | D22: 0 | E22: 3 | F22: 1 | G22: 1 | H22: 1 | I22: 2 | J22: 2 | K22: 0 | L22: 4 | M22: 0 | N22: 0 | O22: 0 | P22: 0 | Q22: 0 | R22: 0 | S22: 40002000 | T22: 1 | X22: =IF(SUM(AG22:AN22)=8,"X","") | Y22: E | Z22: J | AA22: I | AB22: D | AC22: H | AD22: G | AE22: L | AF22: K | AG22: =IFERROR(VLOOKUP(Y22,$B$21:$T$28,19,0),0) -> 1 | AH22: =IFERROR(VLOOKUP(Z22,$B$21:$T$28,19,0),0) -> 0 | AI22: =IFERROR(VLOOKUP(AA22,$B$21:$T$28,19,0),0) -> 1 | AJ22: =IFERROR(VLOOKUP(AB22,$B$21:$T$28,19,0),0) -> 1 | AK22: =IFERROR(VLOOKUP(AC22,$B$21:$T$28,19,0),0) -> 0 | AL22: =IFERROR(VLOOKUP(AD22,$B$21:$T$28,19,0),0) -> 1 | AM22: =IFERROR(VLOOKUP(AE22,$B$21:$T$28,19,0),0) -> 0 | AN22: =IFERROR(VLOOKUP(AF22,$B$21:$T$28,19,0),0) -> 0 | AO22: =VLOOKUP(Y22,$B$21:$C$28,2,0) -> Costa de Marfil | AP22: =VLOOKUP(Z22,$B$21:$C$28,2,0) -> #N/A | AQ22: =VLOOKUP(AA22,$B$21:$C$28,2,0) -> Senegal | AR22: =VLOOKUP(AB22,$B$21:$C$28,2,0) -> Paraguay | AS22: =VLOOKUP(AC22,$B$21:$C$28,2,0) -> #N/A | AT22: =VLOOKUP(AD22,$B$21:$C$28,2,0) -> Irán | AU22: =VLOOKUP(AE22,$B$21:$C$28,2,0) -> #N/A | AV22: =VLOOKUP(AF22,$B$21:$C$28,2,0) -> #N/A
A23: =A22+1 -> 3 | B23: G | C23: Irán | D23: 0 | E23: 3 | F23: 1 | G23: 1 | H23: 1 | I23: 2 | J23: 2 | K23: 0 | L23: 4 | M23: 0 | N23: 0 | O23: 0 | P23: 0 | Q23: 0 | R23: 0 | S23: 40002000 | T23: 1 | X23: =IF(SUM(AG23:AN23)=8,"X","") | Y23: E | Z23: J | AA23: I | AB23: D | AC23: H | AD23: F | AE23: L | AF23: K | AG23: =IFERROR(VLOOKUP(Y23,$B$21:$T$28,19,0),0) -> 1 | AH23: =IFERROR(VLOOKUP(Z23,$B$21:$T$28,19,0),0) -> 0 | AI23: =IFERROR(VLOOKUP(AA23,$B$21:$T$28,19,0),0) -> 1 | AJ23: =IFERROR(VLOOKUP(AB23,$B$21:$T$28,19,0),0) -> 1 | AK23: =IFERROR(VLOOKUP(AC23,$B$21:$T$28,19,0),0) -> 0 | AL23: =IFERROR(VLOOKUP(AD23,$B$21:$T$28,19,0),0) -> 1 | AM23: =IFERROR(VLOOKUP(AE23,$B$21:$T$28,19,0),0) -> 0 | AN23: =IFERROR(VLOOKUP(AF23,$B$21:$T$28,19,0),0) -> 0 | AO23: =VLOOKUP(Y23,$B$21:$C$28,2,0) -> Costa de Marfil | AP23: =VLOOKUP(Z23,$B$21:$C$28,2,0) -> #N/A | AQ23: =VLOOKUP(AA23,$B$21:$C$28,2,0) -> Senegal | AR23: =VLOOKUP(AB23,$B$21:$C$28,2,0) -> Paraguay | AS23: =VLOOKUP(AC23,$B$21:$C$28,2,0) -> #N/A | AT23: =VLOOKUP(AD23,$B$21:$C$28,2,0) -> Suecia | AU23: =VLOOKUP(AE23,$B$21:$C$28,2,0) -> #N/A | AV23: =VLOOKUP(AF23,$B$21:$C$28,2,0) -> #N/A
A24: =A23+1 -> 4 | B24: I | C24: Senegal | D24: 0 | E24: 3 | F24: 1 | G24: 1 | H24: 1 | I24: 3 | J24: 4 | K24: -1 | L24: 4 | M24: 0 | N24: 0 | O24: 0 | P24: 0 | Q24: 0 | R24: 0 | S24: 39903000 | T24: 1 | X24: =IF(SUM(AG24:AN24)=8,"X","") | Y24: E | Z24: G | AA24: I | AB24: D | AC24: J | AD24: F | AE24: L | AF24: K | AG24: =IFERROR(VLOOKUP(Y24,$B$21:$T$28,19,0),0) -> 1 | AH24: =IFERROR(VLOOKUP(Z24,$B$21:$T$28,19,0),0) -> 1 | AI24: =IFERROR(VLOOKUP(AA24,$B$21:$T$28,19,0),0) -> 1 | AJ24: =IFERROR(VLOOKUP(AB24,$B$21:$T$28,19,0),0) -> 1 | AK24: =IFERROR(VLOOKUP(AC24,$B$21:$T$28,19,0),0) -> 0 | AL24: =IFERROR(VLOOKUP(AD24,$B$21:$T$28,19,0),0) -> 1 | AM24: =IFERROR(VLOOKUP(AE24,$B$21:$T$28,19,0),0) -> 0 | AN24: =IFERROR(VLOOKUP(AF24,$B$21:$T$28,19,0),0) -> 0 | AO24: =VLOOKUP(Y24,$B$21:$C$28,2,0) -> Costa de Marfil | AP24: =VLOOKUP(Z24,$B$21:$C$28,2,0) -> Irán | AQ24: =VLOOKUP(AA24,$B$21:$C$28,2,0) -> Senegal | AR24: =VLOOKUP(AB24,$B$21:$C$28,2,0) -> Paraguay | AS24: =VLOOKUP(AC24,$B$21:$C$28,2,0) -> #N/A | AT24: =VLOOKUP(AD24,$B$21:$C$28,2,0) -> Suecia | AU24: =VLOOKUP(AE24,$B$21:$C$28,2,0) -> #N/A | AV24: =VLOOKUP(AF24,$B$21:$C$28,2,0) -> #N/A
A25: =A24+1 -> 5 | B25: E | C25: Costa de Marfil | D25: 0 | E25: 3 | F25: 1 | G25: 1 | H25: 1 | I25: 3 | J25: 5 | K25: -2 | L25: 4 | M25: 0 | N25: 0 | O25: 0 | P25: 0 | Q25: 0 | R25: 0 | S25: 39803000 | T25: 1 | X25: =IF(SUM(AG25:AN25)=8,"X","") | Y25: E | Z25: G | AA25: J | AB25: D | AC25: H | AD25: F | AE25: L | AF25: K | AG25: =IFERROR(VLOOKUP(Y25,$B$21:$T$28,19,0),0) -> 1 | AH25: =IFERROR(VLOOKUP(Z25,$B$21:$T$28,19,0),0) -> 1 | AI25: =IFERROR(VLOOKUP(AA25,$B$21:$T$28,19,0),0) -> 0 | AJ25: =IFERROR(VLOOKUP(AB25,$B$21:$T$28,19,0),0) -> 1 | AK25: =IFERROR(VLOOKUP(AC25,$B$21:$T$28,19,0),0) -> 0 | AL25: =IFERROR(VLOOKUP(AD25,$B$21:$T$28,19,0),0) -> 1 | AM25: =IFERROR(VLOOKUP(AE25,$B$21:$T$28,19,0),0) -> 0 | AN25: =IFERROR(VLOOKUP(AF25,$B$21:$T$28,19,0),0) -> 0 | AO25: =VLOOKUP(Y25,$B$21:$C$28,2,0) -> Costa de Marfil | AP25: =VLOOKUP(Z25,$B$21:$C$28,2,0) -> Irán | AQ25: =VLOOKUP(AA25,$B$21:$C$28,2,0) -> #N/A | AR25: =VLOOKUP(AB25,$B$21:$C$28,2,0) -> Paraguay | AS25: =VLOOKUP(AC25,$B$21:$C$28,2,0) -> #N/A | AT25: =VLOOKUP(AD25,$B$21:$C$28,2,0) -> Suecia | AU25: =VLOOKUP(AE25,$B$21:$C$28,2,0) -> #N/A | AV25: =VLOOKUP(AF25,$B$21:$C$28,2,0) -> #N/A
A26: =A25+1 -> 6 | B26: D | C26: Paraguay | D26: 0 | E26: 3 | F26: 1 | G26: 0 | H26: 2 | I26: 2 | J26: 2 | K26: 0 | L26: 3 | M26: 0 | N26: 0 | O26: 0 | P26: 0 | Q26: 0 | R26: 0 | S26: 30002000 | T26: 1 | X26: =IF(SUM(AG26:AN26)=8,"X","") | Y26: E | Z26: G | AA26: I | AB26: D | AC26: H | AD26: F | AE26: L | AF26: K | AG26: =IFERROR(VLOOKUP(Y26,$B$21:$T$28,19,0),0) -> 1 | AH26: =IFERROR(VLOOKUP(Z26,$B$21:$T$28,19,0),0) -> 1 | AI26: =IFERROR(VLOOKUP(AA26,$B$21:$T$28,19,0),0) -> 1 | AJ26: =IFERROR(VLOOKUP(AB26,$B$21:$T$28,19,0),0) -> 1 | AK26: =IFERROR(VLOOKUP(AC26,$B$21:$T$28,19,0),0) -> 0 | AL26: =IFERROR(VLOOKUP(AD26,$B$21:$T$28,19,0),0) -> 1 | AM26: =IFERROR(VLOOKUP(AE26,$B$21:$T$28,19,0),0) -> 0 | AN26: =IFERROR(VLOOKUP(AF26,$B$21:$T$28,19,0),0) -> 0 | AO26: =VLOOKUP(Y26,$B$21:$C$28,2,0) -> Costa de Marfil | AP26: =VLOOKUP(Z26,$B$21:$C$28,2,0) -> Irán | AQ26: =VLOOKUP(AA26,$B$21:$C$28,2,0) -> Senegal | AR26: =VLOOKUP(AB26,$B$21:$C$28,2,0) -> Paraguay | AS26: =VLOOKUP(AC26,$B$21:$C$28,2,0) -> #N/A | AT26: =VLOOKUP(AD26,$B$21:$C$28,2,0) -> Suecia | AU26: =VLOOKUP(AE26,$B$21:$C$28,2,0) -> #N/A | AV26: =VLOOKUP(AF26,$B$21:$C$28,2,0) -> #N/A
A27: =A26+1 -> 7 | B27: B | C27: Bosnia | D27: 0 | E27: 3 | F27: 1 | G27: 0 | H27: 2 | I27: 3 | J27: 4 | K27: -1 | L27: 3 | M27: 0 | N27: 0 | O27: 0 | P27: 0 | Q27: 0 | R27: 0 | S27: 29903000 | T27: 1 | X27: =IF(SUM(AG27:AN27)=8,"X","") | Y27: E | Z27: G | AA27: J | AB27: D | AC27: H | AD27: F | AE27: L | AF27: I | AG27: =IFERROR(VLOOKUP(Y27,$B$21:$T$28,19,0),0) -> 1 | AH27: =IFERROR(VLOOKUP(Z27,$B$21:$T$28,19,0),0) -> 1 | AI27: =IFERROR(VLOOKUP(AA27,$B$21:$T$28,19,0),0) -> 0 | AJ27: =IFERROR(VLOOKUP(AB27,$B$21:$T$28,19,0),0) -> 1 | AK27: =IFERROR(VLOOKUP(AC27,$B$21:$T$28,19,0),0) -> 0 | AL27: =IFERROR(VLOOKUP(AD27,$B$21:$T$28,19,0),0) -> 1 | AM27: =IFERROR(VLOOKUP(AE27,$B$21:$T$28,19,0),0) -> 0 | AN27: =IFERROR(VLOOKUP(AF27,$B$21:$T$28,19,0),0) -> 1 | AO27: =VLOOKUP(Y27,$B$21:$C$28,2,0) -> Costa de Marfil | AP27: =VLOOKUP(Z27,$B$21:$C$28,2,0) -> Irán | AQ27: =VLOOKUP(AA27,$B$21:$C$28,2,0) -> #N/A | AR27: =VLOOKUP(AB27,$B$21:$C$28,2,0) -> Paraguay | AS27: =VLOOKUP(AC27,$B$21:$C$28,2,0) -> #N/A | AT27: =VLOOKUP(AD27,$B$21:$C$28,2,0) -> Suecia | AU27: =VLOOKUP(AE27,$B$21:$C$28,2,0) -> #N/A | AV27: =VLOOKUP(AF27,$B$21:$C$28,2,0) -> Senegal
A28: =A27+1 -> 8 | B28: F | C28: Suecia | D28: 0 | E28: 3 | F28: 1 | G28: 0 | H28: 2 | I28: 3 | J28: 4 | K28: -1 | L28: 3 | M28: 0 | N28: 0 | O28: 0 | P28: 0 | Q28: 0 | R28: 0 | S28: 29903000 | T28: 1 | X28: =IF(SUM(AG28:AN28)=8,"X","") | Y28: E | Z28: G | AA28: J | AB28: D | AC28: H | AD28: F | AE28: I | AF28: K | AG28: =IFERROR(VLOOKUP(Y28,$B$21:$T$28,19,0),0) -> 1 | AH28: =IFERROR(VLOOKUP(Z28,$B$21:$T$28,19,0),0) -> 1 | AI28: =IFERROR(VLOOKUP(AA28,$B$21:$T$28,19,0),0) -> 0 | AJ28: =IFERROR(VLOOKUP(AB28,$B$21:$T$28,19,0),0) -> 1 | AK28: =IFERROR(VLOOKUP(AC28,$B$21:$T$28,19,0),0) -> 0 | AL28: =IFERROR(VLOOKUP(AD28,$B$21:$T$28,19,0),0) -> 1 | AM28: =IFERROR(VLOOKUP(AE28,$B$21:$T$28,19,0),0) -> 1 | AN28: =IFERROR(VLOOKUP(AF28,$B$21:$T$28,19,0),0) -> 0 | AO28: =VLOOKUP(Y28,$B$21:$C$28,2,0) -> Costa de Marfil | AP28: =VLOOKUP(Z28,$B$21:$C$28,2,0) -> Irán | AQ28: =VLOOKUP(AA28,$B$21:$C$28,2,0) -> #N/A | AR28: =VLOOKUP(AB28,$B$21:$C$28,2,0) -> Paraguay | AS28: =VLOOKUP(AC28,$B$21:$C$28,2,0) -> #N/A | AT28: =VLOOKUP(AD28,$B$21:$C$28,2,0) -> Suecia | AU28: =VLOOKUP(AE28,$B$21:$C$28,2,0) -> Senegal | AV28: =VLOOKUP(AF28,$B$21:$C$28,2,0) -> #N/A
A29: =A28+1 -> 9 | B29: L | C29: Ghana | D29: 0 | E29: 3 | F29: 1 | G29: 0 | H29: 2 | I29: 2 | J29: 4 | K29: -2 | L29: 3 | M29: 0 | N29: 0 | O29: 0 | P29: 0 | Q29: 0 | R29: 0 | S29: 29802000 | X29: =IF(SUM(AG29:AN29)=8,"X","") | Y29: H | Z29: G | AA29: I | AB29: C | AC29: J | AD29: F | AE29: L | AF29: K | AG29: =IFERROR(VLOOKUP(Y29,$B$21:$T$28,19,0),0) -> 0 | AH29: =IFERROR(VLOOKUP(Z29,$B$21:$T$28,19,0),0) -> 1 | AI29: =IFERROR(VLOOKUP(AA29,$B$21:$T$28,19,0),0) -> 1 | AJ29: =IFERROR(VLOOKUP(AB29,$B$21:$T$28,19,0),0) -> 1 | AK29: =IFERROR(VLOOKUP(AC29,$B$21:$T$28,19,0),0) -> 0 | AL29: =IFERROR(VLOOKUP(AD29,$B$21:$T$28,19,0),0) -> 1 | AM29: =IFERROR(VLOOKUP(AE29,$B$21:$T$28,19,0),0) -> 0 | AN29: =IFERROR(VLOOKUP(AF29,$B$21:$T$28,19,0),0) -> 0 | AO29: =VLOOKUP(Y29,$B$21:$C$28,2,0) -> #N/A | AP29: =VLOOKUP(Z29,$B$21:$C$28,2,0) -> Irán | AQ29: =VLOOKUP(AA29,$B$21:$C$28,2,0) -> Senegal | AR29: =VLOOKUP(AB29,$B$21:$C$28,2,0) -> Marruecos | AS29: =VLOOKUP(AC29,$B$21:$C$28,2,0) -> #N/A | AT29: =VLOOKUP(AD29,$B$21:$C$28,2,0) -> Suecia | AU29: =VLOOKUP(AE29,$B$21:$C$28,2,0) -> #N/A | AV29: =VLOOKUP(AF29,$B$21:$C$28,2,0) -> #N/A
A30: =A29+1 -> 10 | B30: K | C30: RD Congo | D30: 0 | E30: 3 | F30: 1 | G30: 0 | H30: 2 | I30: 1 | J30: 6 | K30: -5 | L30: 3 | M30: 0 | N30: 0 | O30: 0 | P30: 0 | Q30: 0 | R30: 0 | S30: 29501000 | X30: =IF(SUM(AG30:AN30)=8,"X","") | Y30: E | Z30: J | AA30: I | AB30: C | AC30: H | AD30: G | AE30: L | AF30: K | AG30: =IFERROR(VLOOKUP(Y30,$B$21:$T$28,19,0),0) -> 1 | AH30: =IFERROR(VLOOKUP(Z30,$B$21:$T$28,19,0),0) -> 0 | AI30: =IFERROR(VLOOKUP(AA30,$B$21:$T$28,19,0),0) -> 1 | AJ30: =IFERROR(VLOOKUP(AB30,$B$21:$T$28,19,0),0) -> 1 | AK30: =IFERROR(VLOOKUP(AC30,$B$21:$T$28,19,0),0) -> 0 | AL30: =IFERROR(VLOOKUP(AD30,$B$21:$T$28,19,0),0) -> 1 | AM30: =IFERROR(VLOOKUP(AE30,$B$21:$T$28,19,0),0) -> 0 | AN30: =IFERROR(VLOOKUP(AF30,$B$21:$T$28,19,0),0) -> 0 | AO30: =VLOOKUP(Y30,$B$21:$C$28,2,0) -> Costa de Marfil | AP30: =VLOOKUP(Z30,$B$21:$C$28,2,0) -> #N/A | AQ30: =VLOOKUP(AA30,$B$21:$C$28,2,0) -> Senegal | AR30: =VLOOKUP(AB30,$B$21:$C$28,2,0) -> Marruecos | AS30: =VLOOKUP(AC30,$B$21:$C$28,2,0) -> #N/A | AT30: =VLOOKUP(AD30,$B$21:$C$28,2,0) -> Irán | AU30: =VLOOKUP(AE30,$B$21:$C$28,2,0) -> #N/A | AV30: =VLOOKUP(AF30,$B$21:$C$28,2,0) -> #N/A
A31: =A30+1 -> 11 | B31: H | C31: Cabo Verde | D31: 0 | E31: 3 | F31: 1 | G31: 0 | H31: 2 | I31: 2 | J31: 8 | K31: -6 | L31: 3 | M31: 0 | N31: 0 | O31: 0 | P31: 0 | Q31: 0 | R31: 0 | S31: 29402000 | X31: =IF(SUM(AG31:AN31)=8,"X","") | Y31: E | Z31: J | AA31: I | AB31: C | AC31: H | AD31: F | AE31: L | AF31: K | AG31: =IFERROR(VLOOKUP(Y31,$B$21:$T$28,19,0),0) -> 1 | AH31: =IFERROR(VLOOKUP(Z31,$B$21:$T$28,19,0),0) -> 0 | AI31: =IFERROR(VLOOKUP(AA31,$B$21:$T$28,19,0),0) -> 1 | AJ31: =IFERROR(VLOOKUP(AB31,$B$21:$T$28,19,0),0) -> 1 | AK31: =IFERROR(VLOOKUP(AC31,$B$21:$T$28,19,0),0) -> 0 | AL31: =IFERROR(VLOOKUP(AD31,$B$21:$T$28,19,0),0) -> 1 | AM31: =IFERROR(VLOOKUP(AE31,$B$21:$T$28,19,0),0) -> 0 | AN31: =IFERROR(VLOOKUP(AF31,$B$21:$T$28,19,0),0) -> 0 | AO31: =VLOOKUP(Y31,$B$21:$C$28,2,0) -> Costa de Marfil | AP31: =VLOOKUP(Z31,$B$21:$C$28,2,0) -> #N/A | AQ31: =VLOOKUP(AA31,$B$21:$C$28,2,0) -> Senegal | AR31: =VLOOKUP(AB31,$B$21:$C$28,2,0) -> Marruecos | AS31: =VLOOKUP(AC31,$B$21:$C$28,2,0) -> #N/A | AT31: =VLOOKUP(AD31,$B$21:$C$28,2,0) -> Suecia | AU31: =VLOOKUP(AE31,$B$21:$C$28,2,0) -> #N/A | AV31: =VLOOKUP(AF31,$B$21:$C$28,2,0) -> #N/A
A32: =A31+1 -> 12 | B32: J | C32: Jordania | D32: 0 | E32: 3 | F32: 0 | G32: 1 | H32: 2 | I32: 3 | J32: 6 | K32: -3 | L32: 1 | M32: 0 | N32: 0 | O32: 0 | P32: 0 | Q32: 0 | R32: 0 | S32: 9703000 | X32: =IF(SUM(AG32:AN32)=8,"X","") | Y32: E | Z32: G | AA32: I | AB32: C | AC32: J | AD32: F | AE32: L | AF32: K | AG32: =IFERROR(VLOOKUP(Y32,$B$21:$T$28,19,0),0) -> 1 | AH32: =IFERROR(VLOOKUP(Z32,$B$21:$T$28,19,0),0) -> 1 | AI32: =IFERROR(VLOOKUP(AA32,$B$21:$T$28,19,0),0) -> 1 | AJ32: =IFERROR(VLOOKUP(AB32,$B$21:$T$28,19,0),0) -> 1 | AK32: =IFERROR(VLOOKUP(AC32,$B$21:$T$28,19,0),0) -> 0 | AL32: =IFERROR(VLOOKUP(AD32,$B$21:$T$28,19,0),0) -> 1 | AM32: =IFERROR(VLOOKUP(AE32,$B$21:$T$28,19,0),0) -> 0 | AN32: =IFERROR(VLOOKUP(AF32,$B$21:$T$28,19,0),0) -> 0 | AO32: =VLOOKUP(Y32,$B$21:$C$28,2,0) -> Costa de Marfil | AP32: =VLOOKUP(Z32,$B$21:$C$28,2,0) -> Irán | AQ32: =VLOOKUP(AA32,$B$21:$C$28,2,0) -> Senegal | AR32: =VLOOKUP(AB32,$B$21:$C$28,2,0) -> Marruecos | AS32: =VLOOKUP(AC32,$B$21:$C$28,2,0) -> #N/A | AT32: =VLOOKUP(AD32,$B$21:$C$28,2,0) -> Suecia | AU32: =VLOOKUP(AE32,$B$21:$C$28,2,0) -> #N/A | AV32: =VLOOKUP(AF32,$B$21:$C$28,2,0) -> #N/A
X33: =IF(SUM(AG33:AN33)=8,"X","") | Y33: E | Z33: G | AA33: J | AB33: C | AC33: H | AD33: F | AE33: L | AF33: K | AG33: =IFERROR(VLOOKUP(Y33,$B$21:$T$28,19,0),0) -> 1 | AH33: =IFERROR(VLOOKUP(Z33,$B$21:$T$28,19,0),0) -> 1 | AI33: =IFERROR(VLOOKUP(AA33,$B$21:$T$28,19,0),0) -> 0 | AJ33: =IFERROR(VLOOKUP(AB33,$B$21:$T$28,19,0),0) -> 1 | AK33: =IFERROR(VLOOKUP(AC33,$B$21:$T$28,19,0),0) -> 0 | AL33: =IFERROR(VLOOKUP(AD33,$B$21:$T$28,19,0),0) -> 1 | AM33: =IFERROR(VLOOKUP(AE33,$B$21:$T$28,19,0),0) -> 0 | AN33: =IFERROR(VLOOKUP(AF33,$B$21:$T$28,19,0),0) -> 0 | AO33: =VLOOKUP(Y33,$B$21:$C$28,2,0) -> Costa de Marfil | AP33: =VLOOKUP(Z33,$B$21:$C$28,2,0) -> Irán | AQ33: =VLOOKUP(AA33,$B$21:$C$28,2,0) -> #N/A | AR33: =VLOOKUP(AB33,$B$21:$C$28,2,0) -> Marruecos | AS33: =VLOOKUP(AC33,$B$21:$C$28,2,0) -> #N/A | AT33: =VLOOKUP(AD33,$B$21:$C$28,2,0) -> Suecia | AU33: =VLOOKUP(AE33,$B$21:$C$28,2,0) -> #N/A | AV33: =VLOOKUP(AF33,$B$21:$C$28,2,0) -> #N/A
X34: =IF(SUM(AG34:AN34)=8,"X","") | Y34: E | Z34: G | AA34: I | AB34: C | AC34: H | AD34: F | AE34: L | AF34: K | AG34: =IFERROR(VLOOKUP(Y34,$B$21:$T$28,19,0),0) -> 1 | AH34: =IFERROR(VLOOKUP(Z34,$B$21:$T$28,19,0),0) -> 1 | AI34: =IFERROR(VLOOKUP(AA34,$B$21:$T$28,19,0),0) -> 1 | AJ34: =IFERROR(VLOOKUP(AB34,$B$21:$T$28,19,0),0) -> 1 | AK34: =IFERROR(VLOOKUP(AC34,$B$21:$T$28,19,0),0) -> 0 | AL34: =IFERROR(VLOOKUP(AD34,$B$21:$T$28,19,0),0) -> 1 | AM34: =IFERROR(VLOOKUP(AE34,$B$21:$T$28,19,0),0) -> 0 | AN34: =IFERROR(VLOOKUP(AF34,$B$21:$T$28,19,0),0) -> 0 | AO34: =VLOOKUP(Y34,$B$21:$C$28,2,0) -> Costa de Marfil | AP34: =VLOOKUP(Z34,$B$21:$C$28,2,0) -> Irán | AQ34: =VLOOKUP(AA34,$B$21:$C$28,2,0) -> Senegal | AR34: =VLOOKUP(AB34,$B$21:$C$28,2,0) -> Marruecos | AS34: =VLOOKUP(AC34,$B$21:$C$28,2,0) -> #N/A | AT34: =VLOOKUP(AD34,$B$21:$C$28,2,0) -> Suecia | AU34: =VLOOKUP(AE34,$B$21:$C$28,2,0) -> #N/A | AV34: =VLOOKUP(AF34,$B$21:$C$28,2,0) -> #N/A
X35: =IF(SUM(AG35:AN35)=8,"X","") | Y35: E | Z35: G | AA35: J | AB35: C | AC35: H | AD35: F | AE35: L | AF35: I | AG35: =IFERROR(VLOOKUP(Y35,$B$21:$T$28,19,0),0) -> 1 | AH35: =IFERROR(VLOOKUP(Z35,$B$21:$T$28,19,0),0) -> 1 | AI35: =IFERROR(VLOOKUP(AA35,$B$21:$T$28,19,0),0) -> 0 | AJ35: =IFERROR(VLOOKUP(AB35,$B$21:$T$28,19,0),0) -> 1 | AK35: =IFERROR(VLOOKUP(AC35,$B$21:$T$28,19,0),0) -> 0 | AL35: =IFERROR(VLOOKUP(AD35,$B$21:$T$28,19,0),0) -> 1 | AM35: =IFERROR(VLOOKUP(AE35,$B$21:$T$28,19,0),0) -> 0 | AN35: =IFERROR(VLOOKUP(AF35,$B$21:$T$28,19,0),0) -> 1 | AO35: =VLOOKUP(Y35,$B$21:$C$28,2,0) -> Costa de Marfil | AP35: =VLOOKUP(Z35,$B$21:$C$28,2,0) -> Irán | AQ35: =VLOOKUP(AA35,$B$21:$C$28,2,0) -> #N/A | AR35: =VLOOKUP(AB35,$B$21:$C$28,2,0) -> Marruecos | AS35: =VLOOKUP(AC35,$B$21:$C$28,2,0) -> #N/A | AT35: =VLOOKUP(AD35,$B$21:$C$28,2,0) -> Suecia | AU35: =VLOOKUP(AE35,$B$21:$C$28,2,0) -> #N/A | AV35: =VLOOKUP(AF35,$B$21:$C$28,2,0) -> Senegal
X36: =IF(SUM(AG36:AN36)=8,"X","") | Y36: E | Z36: G | AA36: J | AB36: C | AC36: H | AD36: F | AE36: I | AF36: K | AG36: =IFERROR(VLOOKUP(Y36,$B$21:$T$28,19,0),0) -> 1 | AH36: =IFERROR(VLOOKUP(Z36,$B$21:$T$28,19,0),0) -> 1 | AI36: =IFERROR(VLOOKUP(AA36,$B$21:$T$28,19,0),0) -> 0 | AJ36: =IFERROR(VLOOKUP(AB36,$B$21:$T$28,19,0),0) -> 1 | AK36: =IFERROR(VLOOKUP(AC36,$B$21:$T$28,19,0),0) -> 0 | AL36: =IFERROR(VLOOKUP(AD36,$B$21:$T$28,19,0),0) -> 1 | AM36: =IFERROR(VLOOKUP(AE36,$B$21:$T$28,19,0),0) -> 1 | AN36: =IFERROR(VLOOKUP(AF36,$B$21:$T$28,19,0),0) -> 0 | AO36: =VLOOKUP(Y36,$B$21:$C$28,2,0) -> Costa de Marfil | AP36: =VLOOKUP(Z36,$B$21:$C$28,2,0) -> Irán | AQ36: =VLOOKUP(AA36,$B$21:$C$28,2,0) -> #N/A | AR36: =VLOOKUP(AB36,$B$21:$C$28,2,0) -> Marruecos | AS36: =VLOOKUP(AC36,$B$21:$C$28,2,0) -> #N/A | AT36: =VLOOKUP(AD36,$B$21:$C$28,2,0) -> Suecia | AU36: =VLOOKUP(AE36,$B$21:$C$28,2,0) -> Senegal | AV36: =VLOOKUP(AF36,$B$21:$C$28,2,0) -> #N/A
X37: =IF(SUM(AG37:AN37)=8,"X","") | Y37: H | Z37: G | AA37: I | AB37: C | AC37: J | AD37: D | AE37: L | AF37: K | AG37: =IFERROR(VLOOKUP(Y37,$B$21:$T$28,19,0),0) -> 0 | AH37: =IFERROR(VLOOKUP(Z37,$B$21:$T$28,19,0),0) -> 1 | AI37: =IFERROR(VLOOKUP(AA37,$B$21:$T$28,19,0),0) -> 1 | AJ37: =IFERROR(VLOOKUP(AB37,$B$21:$T$28,19,0),0) -> 1 | AK37: =IFERROR(VLOOKUP(AC37,$B$21:$T$28,19,0),0) -> 0 | AL37: =IFERROR(VLOOKUP(AD37,$B$21:$T$28,19,0),0) -> 1 | AM37: =IFERROR(VLOOKUP(AE37,$B$21:$T$28,19,0),0) -> 0 | AN37: =IFERROR(VLOOKUP(AF37,$B$21:$T$28,19,0),0) -> 0 | AO37: =VLOOKUP(Y37,$B$21:$C$28,2,0) -> #N/A | AP37: =VLOOKUP(Z37,$B$21:$C$28,2,0) -> Irán | AQ37: =VLOOKUP(AA37,$B$21:$C$28,2,0) -> Senegal | AR37: =VLOOKUP(AB37,$B$21:$C$28,2,0) -> Marruecos | AS37: =VLOOKUP(AC37,$B$21:$C$28,2,0) -> #N/A | AT37: =VLOOKUP(AD37,$B$21:$C$28,2,0) -> Paraguay | AU37: =VLOOKUP(AE37,$B$21:$C$28,2,0) -> #N/A | AV37: =VLOOKUP(AF37,$B$21:$C$28,2,0) -> #N/A
X38: =IF(SUM(AG38:AN38)=8,"X","") | Y38: C | Z38: J | AA38: I | AB38: D | AC38: H | AD38: F | AE38: L | AF38: K | AG38: =IFERROR(VLOOKUP(Y38,$B$21:$T$28,19,0),0) -> 1 | AH38: =IFERROR(VLOOKUP(Z38,$B$21:$T$28,19,0),0) -> 0 | AI38: =IFERROR(VLOOKUP(AA38,$B$21:$T$28,19,0),0) -> 1 | AJ38: =IFERROR(VLOOKUP(AB38,$B$21:$T$28,19,0),0) -> 1 | AK38: =IFERROR(VLOOKUP(AC38,$B$21:$T$28,19,0),0) -> 0 | AL38: =IFERROR(VLOOKUP(AD38,$B$21:$T$28,19,0),0) -> 1 | AM38: =IFERROR(VLOOKUP(AE38,$B$21:$T$28,19,0),0) -> 0 | AN38: =IFERROR(VLOOKUP(AF38,$B$21:$T$28,19,0),0) -> 0 | AO38: =VLOOKUP(Y38,$B$21:$C$28,2,0) -> Marruecos | AP38: =VLOOKUP(Z38,$B$21:$C$28,2,0) -> #N/A | AQ38: =VLOOKUP(AA38,$B$21:$C$28,2,0) -> Senegal | AR38: =VLOOKUP(AB38,$B$21:$C$28,2,0) -> Paraguay | AS38: =VLOOKUP(AC38,$B$21:$C$28,2,0) -> #N/A | AT38: =VLOOKUP(AD38,$B$21:$C$28,2,0) -> Suecia | AU38: =VLOOKUP(AE38,$B$21:$C$28,2,0) -> #N/A | AV38: =VLOOKUP(AF38,$B$21:$C$28,2,0) -> #N/A
X39: =IF(SUM(AG39:AN39)=8,"X","") | Y39: C | Z39: G | AA39: I | AB39: D | AC39: J | AD39: F | AE39: L | AF39: K | AG39: =IFERROR(VLOOKUP(Y39,$B$21:$T$28,19,0),0) -> 1 | AH39: =IFERROR(VLOOKUP(Z39,$B$21:$T$28,19,0),0) -> 1 | AI39: =IFERROR(VLOOKUP(AA39,$B$21:$T$28,19,0),0) -> 1 | AJ39: =IFERROR(VLOOKUP(AB39,$B$21:$T$28,19,0),0) -> 1 | AK39: =IFERROR(VLOOKUP(AC39,$B$21:$T$28,19,0),0) -> 0 | AL39: =IFERROR(VLOOKUP(AD39,$B$21:$T$28,19,0),0) -> 1 | AM39: =IFERROR(VLOOKUP(AE39,$B$21:$T$28,19,0),0) -> 0 | AN39: =IFERROR(VLOOKUP(AF39,$B$21:$T$28,19,0),0) -> 0 | AO39: =VLOOKUP(Y39,$B$21:$C$28,2,0) -> Marruecos | AP39: =VLOOKUP(Z39,$B$21:$C$28,2,0) -> Irán | AQ39: =VLOOKUP(AA39,$B$21:$C$28,2,0) -> Senegal | AR39: =VLOOKUP(AB39,$B$21:$C$28,2,0) -> Paraguay | AS39: =VLOOKUP(AC39,$B$21:$C$28,2,0) -> #N/A | AT39: =VLOOKUP(AD39,$B$21:$C$28,2,0) -> Suecia | AU39: =VLOOKUP(AE39,$B$21:$C$28,2,0) -> #N/A | AV39: =VLOOKUP(AF39,$B$21:$C$28,2,0) -> #N/A
X40: =IF(SUM(AG40:AN40)=8,"X","") | Y40: C | Z40: G | AA40: J | AB40: D | AC40: H | AD40: F | AE40: L | AF40: K | AG40: =IFERROR(VLOOKUP(Y40,$B$21:$T$28,19,0),0) -> 1 | AH40: =IFERROR(VLOOKUP(Z40,$B$21:$T$28,19,0),0) -> 1 | AI40: =IFERROR(VLOOKUP(AA40,$B$21:$T$28,19,0),0) -> 0 | AJ40: =IFERROR(VLOOKUP(AB40,$B$21:$T$28,19,0),0) -> 1 | AK40: =IFERROR(VLOOKUP(AC40,$B$21:$T$28,19,0),0) -> 0 | AL40: =IFERROR(VLOOKUP(AD40,$B$21:$T$28,19,0),0) -> 1 | AM40: =IFERROR(VLOOKUP(AE40,$B$21:$T$28,19,0),0) -> 0 | AN40: =IFERROR(VLOOKUP(AF40,$B$21:$T$28,19,0),0) -> 0 | AO40: =VLOOKUP(Y40,$B$21:$C$28,2,0) -> Marruecos | AP40: =VLOOKUP(Z40,$B$21:$C$28,2,0) -> Irán | AQ40: =VLOOKUP(AA40,$B$21:$C$28,2,0) -> #N/A | AR40: =VLOOKUP(AB40,$B$21:$C$28,2,0) -> Paraguay | AS40: =VLOOKUP(AC40,$B$21:$C$28,2,0) -> #N/A | AT40: =VLOOKUP(AD40,$B$21:$C$28,2,0) -> Suecia | AU40: =VLOOKUP(AE40,$B$21:$C$28,2,0) -> #N/A | AV40: =VLOOKUP(AF40,$B$21:$C$28,2,0) -> #N/A
X41: =IF(SUM(AG41:AN41)=8,"X","") | Y41: C | Z41: G | AA41: I | AB41: D | AC41: H | AD41: F | AE41: L | AF41: K | AG41: =IFERROR(VLOOKUP(Y41,$B$21:$T$28,19,0),0) -> 1 | AH41: =IFERROR(VLOOKUP(Z41,$B$21:$T$28,19,0),0) -> 1 | AI41: =IFERROR(VLOOKUP(AA41,$B$21:$T$28,19,0),0) -> 1 | AJ41: =IFERROR(VLOOKUP(AB41,$B$21:$T$28,19,0),0) -> 1 | AK41: =IFERROR(VLOOKUP(AC41,$B$21:$T$28,19,0),0) -> 0 | AL41: =IFERROR(VLOOKUP(AD41,$B$21:$T$28,19,0),0) -> 1 | AM41: =IFERROR(VLOOKUP(AE41,$B$21:$T$28,19,0),0) -> 0 | AN41: =IFERROR(VLOOKUP(AF41,$B$21:$T$28,19,0),0) -> 0 | AO41: =VLOOKUP(Y41,$B$21:$C$28,2,0) -> Marruecos | AP41: =VLOOKUP(Z41,$B$21:$C$28,2,0) -> Irán | AQ41: =VLOOKUP(AA41,$B$21:$C$28,2,0) -> Senegal | AR41: =VLOOKUP(AB41,$B$21:$C$28,2,0) -> Paraguay | AS41: =VLOOKUP(AC41,$B$21:$C$28,2,0) -> #N/A | AT41: =VLOOKUP(AD41,$B$21:$C$28,2,0) -> Suecia | AU41: =VLOOKUP(AE41,$B$21:$C$28,2,0) -> #N/A | AV41: =VLOOKUP(AF41,$B$21:$C$28,2,0) -> #N/A
X42: =IF(SUM(AG42:AN42)=8,"X","") | Y42: C | Z42: G | AA42: J | AB42: D | AC42: H | AD42: F | AE42: L | AF42: I | AG42: =IFERROR(VLOOKUP(Y42,$B$21:$T$28,19,0),0) -> 1 | AH42: =IFERROR(VLOOKUP(Z42,$B$21:$T$28,19,0),0) -> 1 | AI42: =IFERROR(VLOOKUP(AA42,$B$21:$T$28,19,0),0) -> 0 | AJ42: =IFERROR(VLOOKUP(AB42,$B$21:$T$28,19,0),0) -> 1 | AK42: =IFERROR(VLOOKUP(AC42,$B$21:$T$28,19,0),0) -> 0 | AL42: =IFERROR(VLOOKUP(AD42,$B$21:$T$28,19,0),0) -> 1 | AM42: =IFERROR(VLOOKUP(AE42,$B$21:$T$28,19,0),0) -> 0 | AN42: =IFERROR(VLOOKUP(AF42,$B$21:$T$28,19,0),0) -> 1 | AO42: =VLOOKUP(Y42,$B$21:$C$28,2,0) -> Marruecos | AP42: =VLOOKUP(Z42,$B$21:$C$28,2,0) -> Irán | AQ42: =VLOOKUP(AA42,$B$21:$C$28,2,0) -> #N/A | AR42: =VLOOKUP(AB42,$B$21:$C$28,2,0) -> Paraguay | AS42: =VLOOKUP(AC42,$B$21:$C$28,2,0) -> #N/A | AT42: =VLOOKUP(AD42,$B$21:$C$28,2,0) -> Suecia | AU42: =VLOOKUP(AE42,$B$21:$C$28,2,0) -> #N/A | AV42: =VLOOKUP(AF42,$B$21:$C$28,2,0) -> Senegal
X43: =IF(SUM(AG43:AN43)=8,"X","") | Y43: C | Z43: G | AA43: J | AB43: D | AC43: H | AD43: F | AE43: I | AF43: K | AG43: =IFERROR(VLOOKUP(Y43,$B$21:$T$28,19,0),0) -> 1 | AH43: =IFERROR(VLOOKUP(Z43,$B$21:$T$28,19,0),0) -> 1 | AI43: =IFERROR(VLOOKUP(AA43,$B$21:$T$28,19,0),0) -> 0 | AJ43: =IFERROR(VLOOKUP(AB43,$B$21:$T$28,19,0),0) -> 1 | AK43: =IFERROR(VLOOKUP(AC43,$B$21:$T$28,19,0),0) -> 0 | AL43: =IFERROR(VLOOKUP(AD43,$B$21:$T$28,19,0),0) -> 1 | AM43: =IFERROR(VLOOKUP(AE43,$B$21:$T$28,19,0),0) -> 1 | AN43: =IFERROR(VLOOKUP(AF43,$B$21:$T$28,19,0),0) -> 0 | AO43: =VLOOKUP(Y43,$B$21:$C$28,2,0) -> Marruecos | AP43: =VLOOKUP(Z43,$B$21:$C$28,2,0) -> Irán | AQ43: =VLOOKUP(AA43,$B$21:$C$28,2,0) -> #N/A | AR43: =VLOOKUP(AB43,$B$21:$C$28,2,0) -> Paraguay | AS43: =VLOOKUP(AC43,$B$21:$C$28,2,0) -> #N/A | AT43: =VLOOKUP(AD43,$B$21:$C$28,2,0) -> Suecia | AU43: =VLOOKUP(AE43,$B$21:$C$28,2,0) -> Senegal | AV43: =VLOOKUP(AF43,$B$21:$C$28,2,0) -> #N/A
X44: =IF(SUM(AG44:AN44)=8,"X","") | Y44: E | Z44: J | AA44: I | AB44: C | AC44: H | AD44: D | AE44: L | AF44: K | AG44: =IFERROR(VLOOKUP(Y44,$B$21:$T$28,19,0),0) -> 1 | AH44: =IFERROR(VLOOKUP(Z44,$B$21:$T$28,19,0),0) -> 0 | AI44: =IFERROR(VLOOKUP(AA44,$B$21:$T$28,19,0),0) -> 1 | AJ44: =IFERROR(VLOOKUP(AB44,$B$21:$T$28,19,0),0) -> 1 | AK44: =IFERROR(VLOOKUP(AC44,$B$21:$T$28,19,0),0) -> 0 | AL44: =IFERROR(VLOOKUP(AD44,$B$21:$T$28,19,0),0) -> 1 | AM44: =IFERROR(VLOOKUP(AE44,$B$21:$T$28,19,0),0) -> 0 | AN44: =IFERROR(VLOOKUP(AF44,$B$21:$T$28,19,0),0) -> 0 | AO44: =VLOOKUP(Y44,$B$21:$C$28,2,0) -> Costa de Marfil | AP44: =VLOOKUP(Z44,$B$21:$C$28,2,0) -> #N/A | AQ44: =VLOOKUP(AA44,$B$21:$C$28,2,0) -> Senegal | AR44: =VLOOKUP(AB44,$B$21:$C$28,2,0) -> Marruecos | AS44: =VLOOKUP(AC44,$B$21:$C$28,2,0) -> #N/A | AT44: =VLOOKUP(AD44,$B$21:$C$28,2,0) -> Paraguay | AU44: =VLOOKUP(AE44,$B$21:$C$28,2,0) -> #N/A | AV44: =VLOOKUP(AF44,$B$21:$C$28,2,0) -> #N/A
... X514: =IF(SUM(AG514:AN514)=8,"X","") | Y514: H | Z514: G | AA514: B | AB514: C | AC514: A | AD514: F | AE514: D | AF514: E | AG514: =IFERROR(VLOOKUP(Y514,$B$21:$T$28,19,0),0) -> 0 | AH514: =IFERROR(VLOOKUP(Z514,$B$21:$T$28,19,0),0) -> 1 | AI514: =IFERROR(VLOOKUP(AA514,$B$21:$T$28,19,0),0) -> 1 | AJ514: =IFERROR(VLOOKUP(AB514,$B$21:$T$28,19,0),0) -> 1 | AK514: =IFERROR(VLOOKUP(AC514,$B$21:$T$28,19,0),0) -> 1 | AL514: =IFERROR(VLOOKUP(AD514,$B$21:$T$28,19,0),0) -> 1 | AM514: =IFERROR(VLOOKUP(AE514,$B$21:$T$28,19,0),0) -> 1 | AN514: =IFERROR(VLOOKUP(AF514,$B$21:$T$28,19,0),0) -> 1 | AO514: =VLOOKUP(Y514,$B$21:$C$28,2,0) -> #N/A | AP514: =VLOOKUP(Z514,$B$21:$C$28,2,0) -> Irán | AQ514: =VLOOKUP(AA514,$B$21:$C$28,2,0) -> Bosnia | AR514: =VLOOKUP(AB514,$B$21:$C$28,2,0) -> Marruecos | AS514: =VLOOKUP(AC514,$B$21:$C$28,2,0) -> Korea | AT514: =VLOOKUP(AD514,$B$21:$C$28,2,0) -> Suecia | AU514: =VLOOKUP(AE514,$B$21:$C$28,2,0) -> Paraguay | AV514: =VLOOKUP(AF514,$B$21:$C$28,2,0) -> Costa de Marfil

Sheet calculoA
AN1: Partido | AO1: Ganador
A2: resultados | G2: =IF('- A -'!R7<>"",'- A -'!R7,"") -> México | N2: =IF('- A -'!R9<>"",'- A -'!R9,"") -> Sudáfrica | U2: =IF('- A -'!R11<>"",'- A -'!R11,"") -> Korea | AB2: =IF('- A -'!R13<>"",'- A -'!R13,"") -> República Checa | AN2: =A4&E4 -> MéxicoSudáfrica | AO2: =IF(B4=D4,0,IF(B4>D4,A4,E4)) -> México
F3: en blanco | G3: J | H3: G | I3: E | J3: P | K3: GF | L3: GC | N3: J | O3: G | P3: E | Q3: P | R3: GF | S3: GC | U3: J | V3: G | W3: E | X3: P | Y3: GF | Z3: GC | AB3: J | AC3: G | AD3: E | AE3: P | AF3: GF | AG3: GC | AN3: =A5&E5 -> KoreaRepública Checa | AO3: =IF(B5=D5,0,IF(B5>D5,A5,E5)) -> República Checa
A4: ='- A -'!C6 -> México | B4: =IF('- A -'!D6<>"",'- A -'!D6,"") -> 3 | C4: ='- A -'!E6 -> - | D4: =IF('- A -'!F6<>"",'- A -'!F6,"") -> 0 | E4: ='- A -'!G6 -> Sudáfrica | F4: =COUNTBLANK('- A -'!D6:'- A -'!F6) -> 0 | G4: =IF(AND(F4=0,OR($A4=$G$2,$E4=$G$2)),1,0) -> 1 | H4: =IF(AND(F4=0,OR(AND($A4=$G$2,$B4>$D4),AND($E4=$G$2,$D4>$B4))),1,0) -> 1 | I4: =IF(AND(F4=0,G4=1,$B4=$D4),1,0) -> 0 | J4: =IF(AND(F4=0,OR(AND($A4=$G$2,$B4<$D4),AND($E4=$G$2,$D4<$B4))),1,0) -> 0 | K4: =IF(F4>0,0,IF($A4=$G$2,$B4,IF($E4=$G$2,$D4,0))) -> 3 | L4: =IF(F4>0,0,IF($A4=$G$2,$D4,IF($E4=$G$2,$B4,0))) -> 0 | N4: =IF(AND(F4=0,OR($A4=$N$2,$E4=$N$2)),1,0) -> 1 | O4: =IF(AND(F4=0,OR(AND($A4=$N$2,$B4>$D4),AND($E4=$N$2,$D4>$B4))),1,0) -> 0 | P4: =IF(AND(F4=0,N4=1,$B4=$D4),1,0) -> 0 | Q4: =IF(AND(F4=0,OR(AND($A4=$N$2,$B4<$D4),AND($E4=$N$2,$D4<$B4))),1,0) -> 1 | R4: =IF(F4>0,0,IF($A4=$N$2,$B4,IF($E4=$N$2,$D4,0))) -> 0 | S4: =IF(F4>0,0,IF($A4=$N$2,$D4,IF($E4=$N$2,$B4,0))) -> 3 | U4: =IF(AND(F4=0,OR($A4=$U$2,$E4=$U$2)),1,0) -> 0 | V4: =IF(AND(F4=0,OR(AND($A4=$U$2,$B4>$D4),AND($E4=$U$2,$D4>$B4))),1,0) -> 0 | W4: =IF(AND(F4=0,U4=1,$B4=$D4),1,0) -> 0 | X4: =IF(AND(F4=0,OR(AND($A4=$U$2,$B4<$D4),AND($E4=$U$2,$D4<$B4))),1,0) -> 0 | Y4: =IF(F4>0,0,IF($A4=$U$2,$B4,IF($E4=$U$2,$D4,0))) -> 0 | Z4: =IF(F4>0,0,IF($A4=$U$2,$D4,IF($E4=$U$2,$B4,0))) -> 0 | AB4: =IF(AND(F4=0,OR($A4=$AB$2,$E4=$AB$2)),1,0) -> 0 | AC4: =IF(AND(F4=0,OR(AND($A4=$AB$2,$B4>$D4),AND($E4=$AB$2,$D4>$B4))),1,0) -> 0 | AD4: =IF(AND(F4=0,AB4=1,$B4=$D4),1,0) -> 0 | AE4: =IF(AND(F4=0,OR(AND($A4=$AB$2,$B4<$D4),AND($E4=$AB$2,$D4<$B4))),1,0) -> 0 | AF4: =IF(F4>0,0,IF($A4=$AB$2,$B4,IF($E4=$AB$2,$D4,0))) -> 0 | AG4: =IF(F4>0,0,IF($A4=$AB$2,$D4,IF($E4=$AB$2,$B4,0))) -> 0 | AN4: =A6&E6 -> República ChecaSudáfrica | AO4: =IF(B6=D6,0,IF(B6>D6,A6,E6)) -> República Checa
A5: ='- A -'!C7 -> Korea | B5: =IF('- A -'!D7<>"",'- A -'!D7,"") -> 0 | C5: ='- A -'!E7 -> - | D5: =IF('- A -'!F7<>"",'- A -'!F7,"") -> 2 | E5: ='- A -'!G7 -> República Checa | F5: =COUNTBLANK('- A -'!D7:'- A -'!F7) -> 0 | G5: =IF(AND(F5=0,OR($A5=$G$2,$E5=$G$2)),1,0) -> 0 | H5: =IF(AND(F5=0,OR(AND($A5=$G$2,$B5>$D5),AND($E5=$G$2,$D5>$B5))),1,0) -> 0 | I5: =IF(AND(F5=0,G5=1,$B5=$D5),1,0) -> 0 | J5: =IF(AND(F5=0,OR(AND($A5=$G$2,$B5<$D5),AND($E5=$G$2,$D5<$B5))),1,0) -> 0 | K5: =IF(F5>0,0,IF($A5=$G$2,$B5,IF($E5=$G$2,$D5,0))) -> 0 | L5: =IF(F5>0,0,IF($A5=$G$2,$D5,IF($E5=$G$2,$B5,0))) -> 0 | N5: =IF(AND(F5=0,OR($A5=$N$2,$E5=$N$2)),1,0) -> 0 | O5: =IF(AND(F5=0,OR(AND($A5=$N$2,$B5>$D5),AND($E5=$N$2,$D5>$B5))),1,0) -> 0 | P5: =IF(AND(F5=0,N5=1,$B5=$D5),1,0) -> 0 | Q5: =IF(AND(F5=0,OR(AND($A5=$N$2,$B5<$D5),AND($E5=$N$2,$D5<$B5))),1,0) -> 0 | R5: =IF(F5>0,0,IF($A5=$N$2,$B5,IF($E5=$N$2,$D5,0))) -> 0 | S5: =IF(F5>0,0,IF($A5=$N$2,$D5,IF($E5=$N$2,$B5,0))) -> 0 | U5: =IF(AND(F5=0,OR($A5=$U$2,$E5=$U$2)),1,0) -> 1 | V5: =IF(AND(F5=0,OR(AND($A5=$U$2,$B5>$D5),AND($E5=$U$2,$D5>$B5))),1,0) -> 0 | W5: =IF(AND(F5=0,U5=1,$B5=$D5),1,0) -> 0 | X5: =IF(AND(F5=0,OR(AND($A5=$U$2,$B5<$D5),AND($E5=$U$2,$D5<$B5))),1,0) -> 1 | Y5: =IF(F5>0,0,IF($A5=$U$2,$B5,IF($E5=$U$2,$D5,0))) -> 0 | Z5: =IF(F5>0,0,IF($A5=$U$2,$D5,IF($E5=$U$2,$B5,0))) -> 2 | AB5: =IF(AND(F5=0,OR($A5=$AB$2,$E5=$AB$2)),1,0) -> 1 | AC5: =IF(AND(F5=0,OR(AND($A5=$AB$2,$B5>$D5),AND($E5=$AB$2,$D5>$B5))),1,0) -> 1 | AD5: =IF(AND(F5=0,AB5=1,$B5=$D5),1,0) -> 0 | AE5: =IF(AND(F5=0,OR(AND($A5=$AB$2,$B5<$D5),AND($E5=$AB$2,$D5<$B5))),1,0) -> 0 | AF5: =IF(F5>0,0,IF($A5=$AB$2,$B5,IF($E5=$AB$2,$D5,0))) -> 2 | AG5: =IF(F5>0,0,IF($A5=$AB$2,$D5,IF($E5=$AB$2,$B5,0))) -> 0 | AN5: =A7&E7 -> MéxicoKorea | AO5: =IF(B7=D7,0,IF(B7>D7,A7,E7)) -> 0
A6: ='- A -'!C8 -> República Checa | B6: =IF('- A -'!D8<>"",'- A -'!D8,"") -> 2 | C6: ='- A -'!E8 -> - | D6: =IF('- A -'!F8<>"",'- A -'!F8,"") -> 1 | E6: ='- A -'!G8 -> Sudáfrica | F6: =COUNTBLANK('- A -'!D8:'- A -'!F8) -> 0 | G6: =IF(AND(F6=0,OR($A6=$G$2,$E6=$G$2)),1,0) -> 0 | H6: =IF(AND(F6=0,OR(AND($A6=$G$2,$B6>$D6),AND($E6=$G$2,$D6>$B6))),1,0) -> 0 | I6: =IF(AND(F6=0,G6=1,$B6=$D6),1,0) -> 0 | J6: =IF(AND(F6=0,OR(AND($A6=$G$2,$B6<$D6),AND($E6=$G$2,$D6<$B6))),1,0) -> 0 | K6: =IF(F6>0,0,IF($A6=$G$2,$B6,IF($E6=$G$2,$D6,0))) -> 0 | L6: =IF(F6>0,0,IF($A6=$G$2,$D6,IF($E6=$G$2,$B6,0))) -> 0 | N6: =IF(AND(F6=0,OR($A6=$N$2,$E6=$N$2)),1,0) -> 1 | O6: =IF(AND(F6=0,OR(AND($A6=$N$2,$B6>$D6),AND($E6=$N$2,$D6>$B6))),1,0) -> 0 | P6: =IF(AND(F6=0,N6=1,$B6=$D6),1,0) -> 0 | Q6: =IF(AND(F6=0,OR(AND($A6=$N$2,$B6<$D6),AND($E6=$N$2,$D6<$B6))),1,0) -> 1 | R6: =IF(F6>0,0,IF($A6=$N$2,$B6,IF($E6=$N$2,$D6,0))) -> 1 | S6: =IF(F6>0,0,IF($A6=$N$2,$D6,IF($E6=$N$2,$B6,0))) -> 2 | U6: =IF(AND(F6=0,OR($A6=$U$2,$E6=$U$2)),1,0) -> 0 | V6: =IF(AND(F6=0,OR(AND($A6=$U$2,$B6>$D6),AND($E6=$U$2,$D6>$B6))),1,0) -> 0 | W6: =IF(AND(F6=0,U6=1,$B6=$D6),1,0) -> 0 | X6: =IF(AND(F6=0,OR(AND($A6=$U$2,$B6<$D6),AND($E6=$U$2,$D6<$B6))),1,0) -> 0 | Y6: =IF(F6>0,0,IF($A6=$U$2,$B6,IF($E6=$U$2,$D6,0))) -> 0 | Z6: =IF(F6>0,0,IF($A6=$U$2,$D6,IF($E6=$U$2,$B6,0))) -> 0 | AB6: =IF(AND(F6=0,OR($A6=$AB$2,$E6=$AB$2)),1,0) -> 1 | AC6: =IF(AND(F6=0,OR(AND($A6=$AB$2,$B6>$D6),AND($E6=$AB$2,$D6>$B6))),1,0) -> 1 | AD6: =IF(AND(F6=0,AB6=1,$B6=$D6),1,0) -> 0 | AE6: =IF(AND(F6=0,OR(AND($A6=$AB$2,$B6<$D6),AND($E6=$AB$2,$D6<$B6))),1,0) -> 0 | AF6: =IF(F6>0,0,IF($A6=$AB$2,$B6,IF($E6=$AB$2,$D6,0))) -> 2 | AG6: =IF(F6>0,0,IF($A6=$AB$2,$D6,IF($E6=$AB$2,$B6,0))) -> 1 | AN6: =A8&E8 -> República ChecaMéxico | AO6: =IF(B8=D8,0,IF(B8>D8,A8,E8)) -> México
A7: ='- A -'!C9 -> México | B7: =IF('- A -'!D9<>"",'- A -'!D9,"") -> 1 | C7: ='- A -'!E9 -> - | D7: =IF('- A -'!F9<>"",'- A -'!F9,"") -> 1 | E7: ='- A -'!G9 -> Korea | F7: =COUNTBLANK('- A -'!D9:'- A -'!F9) -> 0 | G7: =IF(AND(F7=0,OR($A7=$G$2,$E7=$G$2)),1,0) -> 1 | H7: =IF(AND(F7=0,OR(AND($A7=$G$2,$B7>$D7),AND($E7=$G$2,$D7>$B7))),1,0) -> 0 | I7: =IF(AND(F7=0,G7=1,$B7=$D7),1,0) -> 1 | J7: =IF(AND(F7=0,OR(AND($A7=$G$2,$B7<$D7),AND($E7=$G$2,$D7<$B7))),1,0) -> 0 | K7: =IF(F7>0,0,IF($A7=$G$2,$B7,IF($E7=$G$2,$D7,0))) -> 1 | L7: =IF(F7>0,0,IF($A7=$G$2,$D7,IF($E7=$G$2,$B7,0))) -> 1 | N7: =IF(AND(F7=0,OR($A7=$N$2,$E7=$N$2)),1,0) -> 0 | O7: =IF(AND(F7=0,OR(AND($A7=$N$2,$B7>$D7),AND($E7=$N$2,$D7>$B7))),1,0) -> 0 | P7: =IF(AND(F7=0,N7=1,$B7=$D7),1,0) -> 0 | Q7: =IF(AND(F7=0,OR(AND($A7=$N$2,$B7<$D7),AND($E7=$N$2,$D7<$B7))),1,0) -> 0 | R7: =IF(F7>0,0,IF($A7=$N$2,$B7,IF($E7=$N$2,$D7,0))) -> 0 | S7: =IF(F7>0,0,IF($A7=$N$2,$D7,IF($E7=$N$2,$B7,0))) -> 0 | U7: =IF(AND(F7=0,OR($A7=$U$2,$E7=$U$2)),1,0) -> 1 | V7: =IF(AND(F7=0,OR(AND($A7=$U$2,$B7>$D7),AND($E7=$U$2,$D7>$B7))),1,0) -> 0 | W7: =IF(AND(F7=0,U7=1,$B7=$D7),1,0) -> 1 | X7: =IF(AND(F7=0,OR(AND($A7=$U$2,$B7<$D7),AND($E7=$U$2,$D7<$B7))),1,0) -> 0 | Y7: =IF(F7>0,0,IF($A7=$U$2,$B7,IF($E7=$U$2,$D7,0))) -> 1 | Z7: =IF(F7>0,0,IF($A7=$U$2,$D7,IF($E7=$U$2,$B7,0))) -> 1 | AB7: =IF(AND(F7=0,OR($A7=$AB$2,$E7=$AB$2)),1,0) -> 0 | AC7: =IF(AND(F7=0,OR(AND($A7=$AB$2,$B7>$D7),AND($E7=$AB$2,$D7>$B7))),1,0) -> 0 | AD7: =IF(AND(F7=0,AB7=1,$B7=$D7),1,0) -> 0 | AE7: =IF(AND(F7=0,OR(AND($A7=$AB$2,$B7<$D7),AND($E7=$AB$2,$D7<$B7))),1,0) -> 0 | AF7: =IF(F7>0,0,IF($A7=$AB$2,$B7,IF($E7=$AB$2,$D7,0))) -> 0 | AG7: =IF(F7>0,0,IF($A7=$AB$2,$D7,IF($E7=$AB$2,$B7,0))) -> 0 | AN7: =A9&E9 -> SudáfricaKorea | AO7: =IF(B9=D9,0,IF(B9>D9,A9,E9)) -> Korea
A8: ='- A -'!C10 -> República Checa | B8: =IF('- A -'!D10<>"",'- A -'!D10,"") -> 1 | C8: ='- A -'!E10 -> - | D8: =IF('- A -'!F10<>"",'- A -'!F10,"") -> 2 | E8: ='- A -'!G10 -> México | F8: =COUNTBLANK('- A -'!D10:'- A -'!F10) -> 0 | G8: =IF(AND(F8=0,OR($A8=$G$2,$E8=$G$2)),1,0) -> 1 | H8: =IF(AND(F8=0,OR(AND($A8=$G$2,$B8>$D8),AND($E8=$G$2,$D8>$B8))),1,0) -> 1 | I8: =IF(AND(F8=0,G8=1,$B8=$D8),1,0) -> 0 | J8: =IF(AND(F8=0,OR(AND($A8=$G$2,$B8<$D8),AND($E8=$G$2,$D8<$B8))),1,0) -> 0 | K8: =IF(F8>0,0,IF($A8=$G$2,$B8,IF($E8=$G$2,$D8,0))) -> 2 | L8: =IF(F8>0,0,IF($A8=$G$2,$D8,IF($E8=$G$2,$B8,0))) -> 1 | N8: =IF(AND(F8=0,OR($A8=$N$2,$E8=$N$2)),1,0) -> 0 | O8: =IF(AND(F8=0,OR(AND($A8=$N$2,$B8>$D8),AND($E8=$N$2,$D8>$B8))),1,0) -> 0 | P8: =IF(AND(F8=0,N8=1,$B8=$D8),1,0) -> 0 | Q8: =IF(AND(F8=0,OR(AND($A8=$N$2,$B8<$D8),AND($E8=$N$2,$D8<$B8))),1,0) -> 0 | R8: =IF(F8>0,0,IF($A8=$N$2,$B8,IF($E8=$N$2,$D8,0))) -> 0 | S8: =IF(F8>0,0,IF($A8=$N$2,$D8,IF($E8=$N$2,$B8,0))) -> 0 | U8: =IF(AND(F8=0,OR($A8=$U$2,$E8=$U$2)),1,0) -> 0 | V8: =IF(AND(F8=0,OR(AND($A8=$U$2,$B8>$D8),AND($E8=$U$2,$D8>$B8))),1,0) -> 0 | W8: =IF(AND(F8=0,U8=1,$B8=$D8),1,0) -> 0 | X8: =IF(AND(F8=0,OR(AND($A8=$U$2,$B8<$D8),AND($E8=$U$2,$D8<$B8))),1,0) -> 0 | Y8: =IF(F8>0,0,IF($A8=$U$2,$B8,IF($E8=$U$2,$D8,0))) -> 0 | Z8: =IF(F8>0,0,IF($A8=$U$2,$D8,IF($E8=$U$2,$B8,0))) -> 0 | AB8: =IF(AND(F8=0,OR($A8=$AB$2,$E8=$AB$2)),1,0) -> 1 | AC8: =IF(AND(F8=0,OR(AND($A8=$AB$2,$B8>$D8),AND($E8=$AB$2,$D8>$B8))),1,0) -> 0 | AD8: =IF(AND(F8=0,AB8=1,$B8=$D8),1,0) -> 0 | AE8: =IF(AND(F8=0,OR(AND($A8=$AB$2,$B8<$D8),AND($E8=$AB$2,$D8<$B8))),1,0) -> 1 | AF8: =IF(F8>0,0,IF($A8=$AB$2,$B8,IF($E8=$AB$2,$D8,0))) -> 1 | AG8: =IF(F8>0,0,IF($A8=$AB$2,$D8,IF($E8=$AB$2,$B8,0))) -> 2 | AN8: =E4&A4 -> SudáfricaMéxico | AO8: =IF(B4=D4,0,IF(B4>D4,A4,E4)) -> México
A9: ='- A -'!C11 -> Sudáfrica | B9: =IF('- A -'!D11<>"",'- A -'!D11,"") -> 0 | C9: ='- A -'!E11 -> - | D9: =IF('- A -'!F11<>"",'- A -'!F11,"") -> 2 | E9: ='- A -'!G11 -> Korea | F9: =COUNTBLANK('- A -'!D11:'- A -'!F11) -> 0 | G9: =IF(AND(F9=0,OR($A9=$G$2,$E9=$G$2)),1,0) -> 0 | H9: =IF(AND(F9=0,OR(AND($A9=$G$2,$B9>$D9),AND($E9=$G$2,$D9>$B9))),1,0) -> 0 | I9: =IF(AND(F9=0,G9=1,$B9=$D9),1,0) -> 0 | J9: =IF(AND(F9=0,OR(AND($A9=$G$2,$B9<$D9),AND($E9=$G$2,$D9<$B9))),1,0) -> 0 | K9: =IF(F9>0,0,IF($A9=$G$2,$B9,IF($E9=$G$2,$D9,0))) -> 0 | L9: =IF(F9>0,0,IF($A9=$G$2,$D9,IF($E9=$G$2,$B9,0))) -> 0 | N9: =IF(AND(F9=0,OR($A9=$N$2,$E9=$N$2)),1,0) -> 1 | O9: =IF(AND(F9=0,OR(AND($A9=$N$2,$B9>$D9),AND($E9=$N$2,$D9>$B9))),1,0) -> 0 | P9: =IF(AND(F9=0,N9=1,$B9=$D9),1,0) -> 0 | Q9: =IF(AND(F9=0,OR(AND($A9=$N$2,$B9<$D9),AND($E9=$N$2,$D9<$B9))),1,0) -> 1 | R9: =IF(F9>0,0,IF($A9=$N$2,$B9,IF($E9=$N$2,$D9,0))) -> 0 | S9: =IF(F9>0,0,IF($A9=$N$2,$D9,IF($E9=$N$2,$B9,0))) -> 2 | U9: =IF(AND(F9=0,OR($A9=$U$2,$E9=$U$2)),1,0) -> 1 | V9: =IF(AND(F9=0,OR(AND($A9=$U$2,$B9>$D9),AND($E9=$U$2,$D9>$B9))),1,0) -> 1 | W9: =IF(AND(F9=0,U9=1,$B9=$D9),1,0) -> 0 | X9: =IF(AND(F9=0,OR(AND($A9=$U$2,$B9<$D9),AND($E9=$U$2,$D9<$B9))),1,0) -> 0 | Y9: =IF(F9>0,0,IF($A9=$U$2,$B9,IF($E9=$U$2,$D9,0))) -> 2 | Z9: =IF(F9>0,0,IF($A9=$U$2,$D9,IF($E9=$U$2,$B9,0))) -> 0 | AB9: =IF(AND(F9=0,OR($A9=$AB$2,$E9=$AB$2)),1,0) -> 0 | AC9: =IF(AND(F9=0,OR(AND($A9=$AB$2,$B9>$D9),AND($E9=$AB$2,$D9>$B9))),1,0) -> 0 | AD9: =IF(AND(F9=0,AB9=1,$B9=$D9),1,0) -> 0 | AE9: =IF(AND(F9=0,OR(AND($A9=$AB$2,$B9<$D9),AND($E9=$AB$2,$D9<$B9))),1,0) -> 0 | AF9: =IF(F9>0,0,IF($A9=$AB$2,$B9,IF($E9=$AB$2,$D9,0))) -> 0 | AG9: =IF(F9>0,0,IF($A9=$AB$2,$D9,IF($E9=$AB$2,$B9,0))) -> 0 | AN9: =E5&A5 -> República ChecaKorea | AO9: =IF(B5=D5,0,IF(B5>D5,A5,E5)) -> República Checa
G10: =SUM(G4:G9) -> 3 | H10: =SUM(H4:H9) -> 2 | I10: =SUM(I4:I9) -> 1 | J10: =SUM(J4:J9) -> 0 | K10: =SUM(K4:K9) -> 6 | L10: =SUM(L4:L9) -> 2 | M10: =H10*3+I10 -> 7 | N10: =SUM(N4:N9) -> 3 | O10: =SUM(O4:O9) -> 0 | P10: =SUM(P4:P9) -> 0 | Q10: =SUM(Q4:Q9) -> 3 | R10: =SUM(R4:R9) -> 1 | S10: =SUM(S4:S9) -> 7 | T10: =O10*3+P10 -> 0 | U10: =SUM(U4:U9) -> 3 | V10: =SUM(V4:V9) -> 1 | W10: =SUM(W4:W9) -> 1 | X10: =SUM(X4:X9) -> 1 | Y10: =SUM(Y4:Y9) -> 3 | Z10: =SUM(Z4:Z9) -> 3 | AA10: =V10*3+W10 -> 4 | AB10: =SUM(AB4:AB9) -> 3 | AC10: =SUM(AC4:AC9) -> 2 | AD10: =SUM(AD4:AD9) -> 0 | AE10: =SUM(AE4:AE9) -> 1 | AF10: =SUM(AF4:AF9) -> 5 | AG10: =SUM(AG4:AG9) -> 3 | AH10: =AC10*3+AD10 -> 6 | AN10: =E6&A6 -> SudáfricaRepública Checa | AO10: =IF(B6=D6,0,IF(B6>D6,A6,E6)) -> República Checa
M11: Pts | T11: Pts | AA11: Pts | AH11: Pts | AN11: =E7&A7 -> KoreaMéxico | AO11: =IF(B7=D7,0,IF(B7>D7,A7,E7)) -> 0
AN12: =E8&A8 -> MéxicoRepública Checa | AO12: =IF(B8=D8,0,IF(B8>D8,A8,E8)) -> México
AN13: =E9&A9 -> KoreaSudáfrica | AO13: =IF(B9=D9,0,IF(B9>D9,A9,E9)) -> Korea
F14: tabla preliminar
A15: Aca Organiza el grupo por PUNTOS | G15: J | H15: G | I15: E | J15: P | K15: GF | L15: GC | M15: Pts | O15: sort 1-2===== | S15: sort 1-3===== | W15: sort 1-4===== | AA15: sort 2-3===== | AE15: sort 2-4===== | AI15: sort 3-4=====
F16: =G2 -> México | G16: =G10 -> 3 | H16: =H10 -> 2 | I16: =I10 -> 1 | J16: =J10 -> 0 | K16: =K10 -> 6 | L16: =L10 -> 2 | M16: =M10 -> 7 | O16: =IF($M16>=$M17,$F16,$F17) -> México | P16: =VLOOKUP(O16,$F$16:$M$20,8,FALSE) -> 7 | S16: =IF($P16>=$P18,$O16,$O18) -> México | T16: =VLOOKUP(S16,$O$16:$P$20,2,FALSE) -> 7 | W16: =IF($T16>=$T19,$S16,$S19) -> México | X16: =VLOOKUP(W16,$S$16:$T$20,2,FALSE) -> 7 | AA16: =W16 -> México | AB16: =VLOOKUP(AA16,W16:X20,2,FALSE) -> 7 | AE16: =AA16 -> México | AF16: =VLOOKUP(AE16,AA16:AB20,2,FALSE) -> 7 | AI16: =AE16 -> México | AJ16: =VLOOKUP(AI16,AE16:AF20,2,FALSE) -> 7
F17: =N2 -> Sudáfrica | G17: =N10 -> 3 | H17: =O10 -> 0 | I17: =P10 -> 0 | J17: =Q10 -> 3 | K17: =R10 -> 1 | L17: =S10 -> 7 | M17: =T10 -> 0 | O17: =IF($M17<=$M16,$F17,$F16) -> Sudáfrica | P17: =VLOOKUP(O17,$F$16:$M$20,8,FALSE) -> 0 | S17: =O17 -> Sudáfrica | T17: =VLOOKUP(S17,$O$16:$P$20,2,FALSE) -> 0 | W17: =S17 -> Sudáfrica | X17: =VLOOKUP(W17,$S$16:$T$20,2,FALSE) -> 0 | AA17: =IF(X17>=X18,W17,W18) -> Korea | AB17: =VLOOKUP(AA17,W16:X20,2,FALSE) -> 4 | AE17: =IF(AB17>=AB19,AA17,AA19) -> República Checa | AF17: =VLOOKUP(AE17,AA16:AB20,2,FALSE) -> 6 | AI17: =AE17 -> República Checa | AJ17: =VLOOKUP(AI17,AE16:AF20,2,FALSE) -> 6
F18: =U2 -> Korea | G18: =U10 -> 3 | H18: =V10 -> 1 | I18: =W10 -> 1 | J18: =X10 -> 1 | K18: =Y10 -> 3 | L18: =Z10 -> 3 | M18: =AA10 -> 4 | O18: =F18 -> Korea | P18: =VLOOKUP(O18,$F$16:$M$20,8,FALSE) -> 4 | S18: =IF($P18<=$P16,$O18,$O16) -> Korea | T18: =VLOOKUP(S18,$O$16:$P$20,2,FALSE) -> 4 | W18: =S18 -> Korea | X18: =VLOOKUP(W18,$S$16:$T$20,2,FALSE) -> 4 | AA18: =IF(X18<=X17,W18,W17) -> Sudáfrica | AB18: =VLOOKUP(AA18,W16:X20,2,FALSE) -> 0 | AE18: =AA18 -> Sudáfrica | AF18: =VLOOKUP(AE18,AA16:AB20,2,FALSE) -> 0 | AI18: =IF(AF18>=AF19,AE18,AE19) -> Korea | AJ18: =VLOOKUP(AI18,AE16:AF20,2,FALSE) -> 4
F19: =AB2 -> República Checa | G19: =AB10 -> 3 | H19: =AC10 -> 2 | I19: =AD10 -> 0 | J19: =AE10 -> 1 | K19: =AF10 -> 5 | L19: =AG10 -> 3 | M19: =AH10 -> 6 | O19: =F19 -> República Checa | P19: =VLOOKUP(O19,$F$16:$M$20,8,FALSE) -> 6 | S19: =O19 -> República Checa | T19: =VLOOKUP(S19,$O$16:$P$20,2,FALSE) -> 6 | W19: =IF($T19<=$T16,$S19,$S16) -> República Checa | X19: =VLOOKUP(W19,$S$16:$T$20,2,FALSE) -> 6 | AA19: =W19 -> República Checa | AB19: =VLOOKUP(AA19,W16:X20,2,FALSE) -> 6 | AE19: =IF(AB19<=AB17,AA19,AA17) -> Korea | AF19: =VLOOKUP(AE19,AA16:AB20,2,FALSE) -> 4 | AI19: =IF(AF19<=AF18,AE19,AE18) -> Sudáfrica | AJ19: =VLOOKUP(AI19,AE16:AF20,2,FALSE) -> 0
A22: Aca Organiza el grupo por PUNTOS Y Dif | J22: Pts | K22: GF | L22: GC | M22: Dif | P22: Pts | Q22: Dif | T22: Pts | U22: Dif | X22: Pts | Y22: Dif | AB22: Pts | AC22: Dif | AF22: Pts | AG22: Dif | AJ22: Pts | AK22: Dif
F23: =AI16 -> México | J23: =AJ16 -> 7 | K23: =VLOOKUP(AI16,$F$16:$M$20,6,FALSE) -> 6 | L23: =VLOOKUP(AI16,$F$16:$M$20,7,FALSE) -> 2 | M23: =K23-L23 -> 4 | O23: =IF(AND($J23=$J24,$M24>$M23),$F24,$F23) -> México | P23: =VLOOKUP(O23,$F$23:$M$27,5,FALSE) -> 7 | Q23: =VLOOKUP(O23,$F$23:$M$27,8,FALSE) -> 4 | S23: =IF(AND(P23=P25,Q25>Q23),O25,O23) -> México | T23: =VLOOKUP(S23,$O$23:$Q$27,2,FALSE) -> 7 | U23: =VLOOKUP(S23,$O$23:$Q$27,3,FALSE) -> 4 | W23: =IF(AND(T23=T26,U26>U23),S26,S23) -> México | X23: =VLOOKUP(W23,$S$23:$U$27,2,FALSE) -> 7 | Y23: =VLOOKUP(W23,$S$23:$U$27,3,FALSE) -> 4 | AA23: =W23 -> México | AB23: =VLOOKUP(AA23,W23:Y27,2,FALSE) -> 7 | AC23: =VLOOKUP(AA23,W23:Y27,3,FALSE) -> 4 | AE23: =AA23 -> México | AF23: =VLOOKUP(AE23,AA23:AC27,2,FALSE) -> 7 | AG23: =VLOOKUP(AE23,AA23:AC27,3,FALSE) -> 4 | AI23: =AE23 -> México | AJ23: =VLOOKUP(AI23,AE23:AG27,2,FALSE) -> 7 | AK23: =VLOOKUP(AI23,AE23:AG27,3,FALSE) -> 4
F24: =AI17 -> República Checa | J24: =AJ17 -> 6 | K24: =VLOOKUP(AI17,$F$16:$M$20,6,FALSE) -> 5 | L24: =VLOOKUP(AI17,$F$16:$M$20,7,FALSE) -> 3 | M24: =K24-L24 -> 2 | O24: =IF(AND($J23=$J24,$M24>$M23),$F23,$F24) -> República Checa | P24: =VLOOKUP(O24,$F$23:$M$27,5,FALSE) -> 6 | Q24: =VLOOKUP(O24,$F$23:$M$27,8,FALSE) -> 2 | S24: =O24 -> República Checa | T24: =VLOOKUP(S24,$O$23:$Q$27,2,FALSE) -> 6 | U24: =VLOOKUP(S24,$O$23:$Q$27,3,FALSE) -> 2 | W24: =S24 -> República Checa | X24: =VLOOKUP(W24,$S$23:$U$27,2,FALSE) -> 6 | Y24: =VLOOKUP(W24,$S$23:$U$27,3,FALSE) -> 2 | AA24: =IF(AND(X24=X25,Y25>Y24),W25,W24) -> República Checa | AB24: =VLOOKUP(AA24,W23:Y27,2,FALSE) -> 6 | AC24: =VLOOKUP(AA24,W23:Y27,3,FALSE) -> 2 | AE24: =IF(AND(AB24=AB26,AC26>AC24),AA26,AA24) -> República Checa | AF24: =VLOOKUP(AE24,AA23:AC27,2,FALSE) -> 6 | AG24: =VLOOKUP(AE24,AA23:AC27,3,FALSE) -> 2 | AI24: =AE24 -> República Checa | AJ24: =VLOOKUP(AI24,AE23:AG27,2,FALSE) -> 6 | AK24: =VLOOKUP(AI24,AE23:AG27,3,FALSE) -> 2
F25: =AI18 -> Korea | J25: =AJ18 -> 4 | K25: =VLOOKUP(AI18,$F$16:$M$20,6,FALSE) -> 3 | L25: =VLOOKUP(AI18,$F$16:$M$20,7,FALSE) -> 3 | M25: =K25-L25 -> 0 | O25: =F25 -> Korea | P25: =VLOOKUP(O25,$F$23:$M$27,5,FALSE) -> 4 | Q25: =VLOOKUP(O25,$F$23:$M$27,8,FALSE) -> 0 | S25: =IF(AND($P23=P25,Q25>Q23),O23,O25) -> Korea | T25: =VLOOKUP(S25,$O$23:$Q$27,2,FALSE) -> 4 | U25: =VLOOKUP(S25,$O$23:$Q$27,3,FALSE) -> 0 | W25: =S25 -> Korea | X25: =VLOOKUP(W25,$S$23:$U$27,2,FALSE) -> 4 | Y25: =VLOOKUP(W25,$S$23:$U$27,3,FALSE) -> 0 | AA25: =IF(AND(X24=X25,Y25>Y24),W24,W25) -> Korea | AB25: =VLOOKUP(AA25,W23:Y27,2,FALSE) -> 4 | AC25: =VLOOKUP(AA25,W23:Y27,3,FALSE) -> 0 | AE25: =AA25 -> Korea | AF25: =VLOOKUP(AE25,AA23:AC27,2,FALSE) -> 4 | AG25: =VLOOKUP(AE25,AA23:AC27,3,FALSE) -> 0 | AI25: =IF(AND(AF25=AF26,AG26>AG25),AE26,AE25) -> Korea | AJ25: =VLOOKUP(AI25,AE23:AG27,2,FALSE) -> 4 | AK25: =VLOOKUP(AI25,AE23:AG27,3,FALSE) -> 0
F26: =AI19 -> Sudáfrica | J26: =AJ19 -> 0 | K26: =VLOOKUP(AI19,$F$16:$M$20,6,FALSE) -> 1 | L26: =VLOOKUP(AI19,$F$16:$M$20,7,FALSE) -> 7 | M26: =K26-L26 -> -6 | O26: =F26 -> Sudáfrica | P26: =VLOOKUP(O26,$F$23:$M$27,5,FALSE) -> 0 | Q26: =VLOOKUP(O26,$F$23:$M$27,8,FALSE) -> -6 | S26: =O26 -> Sudáfrica | T26: =VLOOKUP(S26,$O$23:$Q$27,2,FALSE) -> 0 | U26: =VLOOKUP(S26,$O$23:$Q$27,3,FALSE) -> -6 | W26: =IF(AND(T23=T26,U26>U23),S23,S26) -> Sudáfrica | X26: =VLOOKUP(W26,$S$23:$U$27,2,FALSE) -> 0 | Y26: =VLOOKUP(W26,$S$23:$U$27,3,FALSE) -> -6 | AA26: =W26 -> Sudáfrica | AB26: =VLOOKUP(AA26,W23:Y27,2,FALSE) -> 0 | AC26: =VLOOKUP(AA26,W23:Y27,3,FALSE) -> -6 | AE26: =IF(AND(AB24=AB26,AC26>AC24),AA24,AA26) -> Sudáfrica | AF26: =VLOOKUP(AE26,AA23:AC27,2,FALSE) -> 0 | AG26: =VLOOKUP(AE26,AA23:AC27,3,FALSE) -> -6 | AI26: =IF(AND(AF25=AF26,AG26>AG25),AE25,AE26) -> Sudáfrica | AJ26: =VLOOKUP(AI26,AE23:AG27,2,FALSE) -> 0 | AK26: =VLOOKUP(AI26,AE23:AG27,3,FALSE) -> -6
A29: Aca Organiza el grupo por Pts y Dif y GF | J29: Pts | K29: GF | L29: GC | M29: Dif | P29: Pts | Q29: Dif | R29: GF | T29: Pts | U29: Dif | V29: GF | X29: Pts | Y29: Dif | Z29: GF | AB29: Pts | AC29: Dif | AD29: GF | AF29: Pts | AG29: Dif | AH29: GF | AJ29: Pts | AK29: Dif | AL29: GF | AN29: Ponderado | AO29: sort 1-2 | AQ29: sort 2-3 | AS29: sort 1-3 | AV29: Ponderado Fin | AW29: #
F30: =AI23 -> México | J30: =VLOOKUP(F30,$F$16:$M$20,8,FALSE) -> 7 | K30: =VLOOKUP(F30,$F$16:$M$20,6,FALSE) -> 6 | L30: =VLOOKUP(F30,$F$16:$M$20,7,FALSE) -> 2 | M30: =K30-L30 -> 4 | O30: =IF(AND(J30=J31,M30=M31,K31>K30),F31,F30) -> México | P30: =VLOOKUP(O30,$F$30:$M$34,5,FALSE) -> 7 | Q30: =VLOOKUP(O30,$F$30:$M$34,8,FALSE) -> 4 | R30: =VLOOKUP(O30,$F$30:$M$34,6,FALSE) -> 6 | S30: =IF(AND(P30=P32,Q30=Q32,R32>R30),O32,O30) -> México | T30: =VLOOKUP(S30,$O$30:$R$34,2,FALSE) -> 7 | U30: =VLOOKUP(S30,$O$30:$R$34,3,FALSE) -> 4 | V30: =VLOOKUP(S30,$O$30:$R$34,4,FALSE) -> 6 | W30: =IF(AND(T30=T33,U30=U33,V33>V30),S33,S30) -> México | X30: =VLOOKUP(W30,$S$30:$V$34,2,FALSE) -> 7 | Y30: =VLOOKUP(W30,$S$30:$V$34,3,FALSE) -> 4 | Z30: =VLOOKUP(W30,$S$30:$V$34,4,FALSE) -> 6 | AA30: =W30 -> México | AB30: =VLOOKUP(AA30,W30:Z34,2,FALSE) -> 7 | AC30: =VLOOKUP(AA30,W30:Z34,3,FALSE) -> 4 | AD30: =VLOOKUP(AA30,W30:Z34,4,FALSE) -> 6 | AE30: =AA30 -> México | AF30: =VLOOKUP(AE30,AA30:AD34,2,FALSE) -> 7 | AG30: =VLOOKUP(AE30,AA30:AD34,3,FALSE) -> 4 | AH30: =VLOOKUP(AE30,AA30:AD34,4,FALSE) -> 6 | AI30: =AE30 -> México | AJ30: =VLOOKUP(AI30,AE30:AH34,2,FALSE) -> 7 | AK30: =VLOOKUP(AI30,AE30:AH34,3,FALSE) -> 4 | AL30: =VLOOKUP(AI30,AE30:AH34,4,FALSE) -> 6 | AN30: =(AJ30*1000)+(AK30*100)+AL30 -> 7406 | AO30: =IF($AN30=$AN31,VLOOKUP($AI30&$AI31,$AN$2:$AO$13,2,0),0) -> 0 | AP30: =IF(AO30=$AI30,1,0) -> 0 | AS30: =IF($AN30=$AN32,VLOOKUP($AI30&$AI32,$AN$2:$AO$13,2,0),0) -> 0 | AT30: =IF(AS30=$AI30,1,0) -> 0 | AV30: =SUM(AN30,AP30,AR30,AT30) -> 7406 | AW30: =RANK(AV30,$AV$30:$AV$33,0) -> 1 | AX30: =AI30 -> México
F31: =AI24 -> República Checa | J31: =VLOOKUP(F31,$F$16:$M$20,8,FALSE) -> 6 | K31: =VLOOKUP(F31,$F$16:$M$20,6,FALSE) -> 5 | L31: =VLOOKUP(F31,$F$16:$M$20,7,FALSE) -> 3 | M31: =K31-L31 -> 2 | O31: =IF(AND(J30=J31,M30=M31,K31>K30),F30,F31) -> República Checa | P31: =VLOOKUP(O31,$F$30:$M$34,5,FALSE) -> 6 | Q31: =VLOOKUP(O31,$F$30:$M$34,8,FALSE) -> 2 | R31: =VLOOKUP(O31,$F$30:$M$34,6,FALSE) -> 5 | S31: =O31 -> República Checa | T31: =VLOOKUP(S31,$O$30:$R$34,2,FALSE) -> 6 | U31: =VLOOKUP(S31,$O$30:$R$34,3,FALSE) -> 2 | V31: =VLOOKUP(S31,$O$30:$R$34,4,FALSE) -> 5 | W31: =S31 -> República Checa | X31: =VLOOKUP(W31,$S$30:$V$34,2,FALSE) -> 6 | Y31: =VLOOKUP(W31,$S$30:$V$34,3,FALSE) -> 2 | Z31: =VLOOKUP(W31,$S$30:$V$34,4,FALSE) -> 5 | AA31: =IF(AND(X31=X32,Y31=Y32,Z32>Z31),W32,W31) -> República Checa | AB31: =VLOOKUP(AA31,W30:Z34,2,FALSE) -> 6 | AC31: =VLOOKUP(AA31,W30:Z34,3,FALSE) -> 2 | AD31: =VLOOKUP(AA31,W30:Z34,4,FALSE) -> 5 | AE31: =IF(AND(AB31=AB33,AC31=AC33,AD33>AD31),AA33,AA31) -> República Checa | AF31: =VLOOKUP(AE31,AA30:AD34,2,FALSE) -> 6 | AG31: =VLOOKUP(AE31,AA30:AD34,3,FALSE) -> 2 | AH31: =VLOOKUP(AE31,AA30:AD34,4,FALSE) -> 5 | AI31: =AE31 -> República Checa | AJ31: =VLOOKUP(AI31,AE30:AH34,2,FALSE) -> 6 | AK31: =VLOOKUP(AI31,AE30:AH34,3,FALSE) -> 2 | AL31: =VLOOKUP(AI31,AE30:AH34,4,FALSE) -> 5 | AN31: =(AJ31*1000)+(AK31*100)+AL31 -> 6205 | AO31: =IF($AN31=$AN30,VLOOKUP($AI31&$AI30,$AN$2:$AO$13,2,0),0) -> 0 | AP31: =IF(AO31=$AI31,1,0) -> 0 | AQ31: =IF($AN31=$AN32,VLOOKUP($AI31&$AI32,$AN$2:$AO$13,2,0),0) -> 0 | AR31: =IF(AQ31=$AI31,1,0) -> 0 | AV31: =SUM(AN31,AP31,AR31,AT31) -> 6205 | AW31: =RANK(AV31,$AV$30:$AV$33,0) -> 2 | AX31: =AI31 -> República Checa
F32: =AI25 -> Korea | J32: =VLOOKUP(F32,$F$16:$M$20,8,FALSE) -> 4 | K32: =VLOOKUP(F32,$F$16:$M$20,6,FALSE) -> 3 | L32: =VLOOKUP(F32,$F$16:$M$20,7,FALSE) -> 3 | M32: =K32-L32 -> 0 | O32: =F32 -> Korea | P32: =VLOOKUP(O32,$F$30:$M$34,5,FALSE) -> 4 | Q32: =VLOOKUP(O32,$F$30:$M$34,8,FALSE) -> 0 | R32: =VLOOKUP(O32,$F$30:$M$34,6,FALSE) -> 3 | S32: =IF(AND(P30=P32,Q30=Q32,R32>R30),O30,O32) -> Korea | T32: =VLOOKUP(S32,$O$30:$R$34,2,FALSE) -> 4 | U32: =VLOOKUP(S32,$O$30:$R$34,3,FALSE) -> 0 | V32: =VLOOKUP(S32,$O$30:$R$34,4,FALSE) -> 3 | W32: =S32 -> Korea | X32: =VLOOKUP(W32,$S$30:$V$34,2,FALSE) -> 4 | Y32: =VLOOKUP(W32,$S$30:$V$34,3,FALSE) -> 0 | Z32: =VLOOKUP(W32,$S$30:$V$34,4,FALSE) -> 3 | AA32: =IF(AND(X31=X32,Y31=Y32,Z32>Z31),W31,W32) -> Korea | AB32: =VLOOKUP(AA32,W30:Z34,2,FALSE) -> 4 | AC32: =VLOOKUP(AA32,W30:Z34,3,FALSE) -> 0 | AD32: =VLOOKUP(AA32,W30:Z34,4,FALSE) -> 3 | AE32: =AA32 -> Korea | AF32: =VLOOKUP(AE32,AA30:AD34,2,FALSE) -> 4 | AG32: =VLOOKUP(AE32,AA30:AD34,3,FALSE) -> 0 | AH32: =VLOOKUP(AE32,AA30:AD34,4,FALSE) -> 3 | AI32: =IF(AND(AF32=AF33,AG32=AG33,AH33>AH32),AE33,AE32) -> Korea | AJ32: =VLOOKUP(AI32,AE30:AH34,2,FALSE) -> 4 | AK32: =VLOOKUP(AI32,AE30:AH34,3,FALSE) -> 0 | AL32: =VLOOKUP(AI32,AE30:AH34,4,FALSE) -> 3 | AN32: =(AJ32*1000)+(AK32*100)+AL32 -> 4003 | AQ32: =IF($AN32=$AN31,VLOOKUP($AI32&$AI31,$AN$2:$AO$13,2,0),0) -> 0 | AR32: =IF(AQ32=$AI32,1,0) -> 0 | AS32: =IF($AN32=$AN30,VLOOKUP($AI32&$AI30,$AN$2:$AO$13,2,0),0) -> 0 | AT32: =IF(AS32=$AI32,1,0) -> 0 | AV32: =SUM(AN32,AP32,AR32,AT32) -> 4003 | AW32: =RANK(AV32,$AV$30:$AV$33,0) -> 3 | AX32: =AI32 -> Korea
F33: =AI26 -> Sudáfrica | J33: =VLOOKUP(F33,$F$16:$M$20,8,FALSE) -> 0 | K33: =VLOOKUP(F33,$F$16:$M$20,6,FALSE) -> 1 | L33: =VLOOKUP(F33,$F$16:$M$20,7,FALSE) -> 7 | M33: =K33-L33 -> -6 | O33: =F33 -> Sudáfrica | P33: =VLOOKUP(O33,$F$30:$M$34,5,FALSE) -> 0 | Q33: =VLOOKUP(O33,$F$30:$M$34,8,FALSE) -> -6 | R33: =VLOOKUP(O33,$F$30:$M$34,6,FALSE) -> 1 | S33: =O33 -> Sudáfrica | T33: =VLOOKUP(S33,$O$30:$R$34,2,FALSE) -> 0 | U33: =VLOOKUP(S33,$O$30:$R$34,3,FALSE) -> -6 | V33: =VLOOKUP(S33,$O$30:$R$34,4,FALSE) -> 1 | W33: =IF(AND(T30=T33,U30=U33,V33>V30),S30,S33) -> Sudáfrica | X33: =VLOOKUP(W33,$S$30:$V$34,2,FALSE) -> 0 | Y33: =VLOOKUP(W33,$S$30:$V$34,3,FALSE) -> -6 | Z33: =VLOOKUP(W33,$S$30:$V$34,4,FALSE) -> 1 | AA33: =W33 -> Sudáfrica | AB33: =VLOOKUP(AA33,W30:Z34,2,FALSE) -> 0 | AC33: =VLOOKUP(AA33,W30:Z34,3,FALSE) -> -6 | AD33: =VLOOKUP(AA33,W30:Z34,4,FALSE) -> 1 | AE33: =IF(AND(AB31=AB33,AC31=AC33,AD33>AD31),AA31,AA33) -> Sudáfrica | AF33: =VLOOKUP(AE33,AA30:AD34,2,FALSE) -> 0 | AG33: =VLOOKUP(AE33,AA30:AD34,3,FALSE) -> -6 | AH33: =VLOOKUP(AE33,AA30:AD34,4,FALSE) -> 1 | AI33: =IF(AND(AF32=AF33,AG32=AG33,AH33>AH32),AE32,AE33) -> Sudáfrica | AJ33: =VLOOKUP(AI33,AE30:AH34,2,FALSE) -> 0 | AK33: =VLOOKUP(AI33,AE30:AH34,3,FALSE) -> -6 | AL33: =VLOOKUP(AI33,AE30:AH34,4,FALSE) -> 1 | AN33: =(AJ33*1000)+(AK33*100)+AL33 -> -599 | AV33: =SUM(AN33,AP33,AR33,AT33) -> -599 | AW33: =RANK(AV33,$AV$30:$AV$33,0) -> 4 | AX33: =AI33 -> Sudáfrica
AV35: =VLOOKUP(AW35,$AW$30:$AW$33,1,0) -> 1 | AW35: 1
A36: Tabla Definitiva | G36: J | H36: G | I36: E | J36: P | K36: GF | L36: GC | M36: Pts | AV36: =VLOOKUP(AW36,$AW$30:$AW$33,1,0) -> 2 | AW36: 2
E37: 1 | F37: =IF(ISERROR($AV$39),AI30,VLOOKUP(E37,$AW$30:$AX$33,2,0)) -> México | G37: =VLOOKUP(F37,$F$16:$M$20,2,FALSE) -> 3 | H37: =VLOOKUP(F37,$F$16:$M$20,3,FALSE) -> 2 | I37: =VLOOKUP(F37,$F$16:$M$20,4,FALSE) -> 1 | J37: =VLOOKUP(F37,$F$16:$M$20,5,FALSE) -> 0 | K37: =VLOOKUP(F37,$F$16:$M$20,6,FALSE) -> 6 | L37: =VLOOKUP(F37,$F$16:$M$20,7,FALSE) -> 2 | M37: =VLOOKUP(F37,$F$16:$M$20,8,FALSE) -> 7 | AV37: =VLOOKUP(AW37,$AW$30:$AW$33,1,0) -> 3 | AW37: 3
E38: 2 | F38: =IF(ISERROR($AV$39),AI31,VLOOKUP(E38,$AW$30:$AX$33,2,0)) -> República Checa | G38: =VLOOKUP(F38,$F$16:$M$20,2,FALSE) -> 3 | H38: =VLOOKUP(F38,$F$16:$M$20,3,FALSE) -> 2 | I38: =VLOOKUP(F38,$F$16:$M$20,4,FALSE) -> 0 | J38: =VLOOKUP(F38,$F$16:$M$20,5,FALSE) -> 1 | K38: =VLOOKUP(F38,$F$16:$M$20,6,FALSE) -> 5 | L38: =VLOOKUP(F38,$F$16:$M$20,7,FALSE) -> 3 | M38: =VLOOKUP(F38,$F$16:$M$20,8,FALSE) -> 6 | AV38: =VLOOKUP(AW38,$AW$30:$AW$33,1,0) -> 4 | AW38: 4
E39: 3 | F39: =IF(ISERROR($AV$39),AI32,VLOOKUP(E39,$AW$30:$AX$33,2,0)) -> Korea | G39: =VLOOKUP(F39,$F$16:$M$20,2,FALSE) -> 3 | H39: =VLOOKUP(F39,$F$16:$M$20,3,FALSE) -> 1 | I39: =VLOOKUP(F39,$F$16:$M$20,4,FALSE) -> 1 | J39: =VLOOKUP(F39,$F$16:$M$20,5,FALSE) -> 1 | K39: =VLOOKUP(F39,$F$16:$M$20,6,FALSE) -> 3 | L39: =VLOOKUP(F39,$F$16:$M$20,7,FALSE) -> 3 | M39: =VLOOKUP(F39,$F$16:$M$20,8,FALSE) -> 4 | AV39: =SUM(AV35:AV38) -> 10
E40: 4 | F40: =IF(ISERROR($AV$39),AI33,VLOOKUP(E40,$AW$30:$AX$33,2,0)) -> Sudáfrica | G40: =VLOOKUP(F40,$F$16:$M$20,2,FALSE) -> 3 | H40: =VLOOKUP(F40,$F$16:$M$20,3,FALSE) -> 0 | I40: =VLOOKUP(F40,$F$16:$M$20,4,FALSE) -> 0 | J40: =VLOOKUP(F40,$F$16:$M$20,5,FALSE) -> 3 | K40: =VLOOKUP(F40,$F$16:$M$20,6,FALSE) -> 1 | L40: =VLOOKUP(F40,$F$16:$M$20,7,FALSE) -> 7 | M40: =VLOOKUP(F40,$F$16:$M$20,8,FALSE) -> 0

Sheet calculoB
AN1: Partido | AO1: Ganador
A2: resultados | G2: =IF('- B -'!R7<>"",'- B -'!R7,"") -> Canadá | N2: =IF('- B -'!R9<>"",'- B -'!R9,"") -> Bosnia | U2: =IF('- B -'!R11<>"",'- B -'!R11,"") -> Suiza | AB2: =IF('- B -'!R13<>"",'- B -'!R13,"") -> Catar | AN2: =A4&E4 -> CanadáBosnia | AO2: =IF(B4=D4,0,IF(B4>D4,A4,E4)) -> Canadá
F3: en blanco | G3: J | H3: G | I3: E | J3: P | K3: GF | L3: GC | N3: J | O3: G | P3: E | Q3: P | R3: GF | S3: GC | U3: J | V3: G | W3: E | X3: P | Y3: GF | Z3: GC | AB3: J | AC3: G | AD3: E | AE3: P | AF3: GF | AG3: GC | AN3: =A5&E5 -> CatarSuiza | AO3: =IF(B5=D5,0,IF(B5>D5,A5,E5)) -> Suiza
A4: ='- B -'!C6 -> Canadá | B4: =IF('- B -'!D6<>"",'- B -'!D6,"") -> 2 | C4: ='- B -'!E6 -> - | D4: =IF('- B -'!F6<>"",'- B -'!F6,"") -> 0 | E4: ='- B -'!G6 -> Bosnia | F4: =COUNTBLANK('- B -'!D6:'- B -'!F6) -> 0 | G4: =IF(AND(F4=0,OR($A4=$G$2,$E4=$G$2)),1,0) -> 1 | H4: =IF(AND(F4=0,OR(AND($A4=$G$2,$B4>$D4),AND($E4=$G$2,$D4>$B4))),1,0) -> 1 | I4: =IF(AND(F4=0,G4=1,$B4=$D4),1,0) -> 0 | J4: =IF(AND(F4=0,OR(AND($A4=$G$2,$B4<$D4),AND($E4=$G$2,$D4<$B4))),1,0) -> 0 | K4: =IF(F4>0,0,IF($A4=$G$2,$B4,IF($E4=$G$2,$D4,0))) -> 2 | L4: =IF(F4>0,0,IF($A4=$G$2,$D4,IF($E4=$G$2,$B4,0))) -> 0 | N4: =IF(AND(F4=0,OR($A4=$N$2,$E4=$N$2)),1,0) -> 1 | O4: =IF(AND(F4=0,OR(AND($A4=$N$2,$B4>$D4),AND($E4=$N$2,$D4>$B4))),1,0) -> 0 | P4: =IF(AND(F4=0,N4=1,$B4=$D4),1,0) -> 0 | Q4: =IF(AND(F4=0,OR(AND($A4=$N$2,$B4<$D4),AND($E4=$N$2,$D4<$B4))),1,0) -> 1 | R4: =IF(F4>0,0,IF($A4=$N$2,$B4,IF($E4=$N$2,$D4,0))) -> 0 | S4: =IF(F4>0,0,IF($A4=$N$2,$D4,IF($E4=$N$2,$B4,0))) -> 2 | U4: =IF(AND(F4=0,OR($A4=$U$2,$E4=$U$2)),1,0) -> 0 | V4: =IF(AND(F4=0,OR(AND($A4=$U$2,$B4>$D4),AND($E4=$U$2,$D4>$B4))),1,0) -> 0 | W4: =IF(AND(F4=0,U4=1,$B4=$D4),1,0) -> 0 | X4: =IF(AND(F4=0,OR(AND($A4=$U$2,$B4<$D4),AND($E4=$U$2,$D4<$B4))),1,0) -> 0 | Y4: =IF(F4>0,0,IF($A4=$U$2,$B4,IF($E4=$U$2,$D4,0))) -> 0 | Z4: =IF(F4>0,0,IF($A4=$U$2,$D4,IF($E4=$U$2,$B4,0))) -> 0 | AB4: =IF(AND(F4=0,OR($A4=$AB$2,$E4=$AB$2)),1,0) -> 0 | AC4: =IF(AND(F4=0,OR(AND($A4=$AB$2,$B4>$D4),AND($E4=$AB$2,$D4>$B4))),1,0) -> 0 | AD4: =IF(AND(F4=0,AB4=1,$B4=$D4),1,0) -> 0 | AE4: =IF(AND(F4=0,OR(AND($A4=$AB$2,$B4<$D4),AND($E4=$AB$2,$D4<$B4))),1,0) -> 0 | AF4: =IF(F4>0,0,IF($A4=$AB$2,$B4,IF($E4=$AB$2,$D4,0))) -> 0 | AG4: =IF(F4>0,0,IF($A4=$AB$2,$D4,IF($E4=$AB$2,$B4,0))) -> 0 | AN4: =A6&E6 -> SuizaBosnia | AO4: =IF(B6=D6,0,IF(B6>D6,A6,E6)) -> Suiza
A5: ='- B -'!C7 -> Catar | B5: =IF('- B -'!D7<>"",'- B -'!D7,"") -> 0 | C5: ='- B -'!E7 -> - | D5: =IF('- B -'!F7<>"",'- B -'!F7,"") -> 3 | E5: ='- B -'!G7 -> Suiza | F5: =COUNTBLANK('- B -'!D7:'- B -'!F7) -> 0 | G5: =IF(AND(F5=0,OR($A5=$G$2,$E5=$G$2)),1,0) -> 0 | H5: =IF(AND(F5=0,OR(AND($A5=$G$2,$B5>$D5),AND($E5=$G$2,$D5>$B5))),1,0) -> 0 | I5: =IF(AND(F5=0,G5=1,$B5=$D5),1,0) -> 0 | J5: =IF(AND(F5=0,OR(AND($A5=$G$2,$B5<$D5),AND($E5=$G$2,$D5<$B5))),1,0) -> 0 | K5: =IF(F5>0,0,IF($A5=$G$2,$B5,IF($E5=$G$2,$D5,0))) -> 0 | L5: =IF(F5>0,0,IF($A5=$G$2,$D5,IF($E5=$G$2,$B5,0))) -> 0 | N5: =IF(AND(F5=0,OR($A5=$N$2,$E5=$N$2)),1,0) -> 0 | O5: =IF(AND(F5=0,OR(AND($A5=$N$2,$B5>$D5),AND($E5=$N$2,$D5>$B5))),1,0) -> 0 | P5: =IF(AND(F5=0,N5=1,$B5=$D5),1,0) -> 0 | Q5: =IF(AND(F5=0,OR(AND($A5=$N$2,$B5<$D5),AND($E5=$N$2,$D5<$B5))),1,0) -> 0 | R5: =IF(F5>0,0,IF($A5=$N$2,$B5,IF($E5=$N$2,$D5,0))) -> 0 | S5: =IF(F5>0,0,IF($A5=$N$2,$D5,IF($E5=$N$2,$B5,0))) -> 0 | U5: =IF(AND(F5=0,OR($A5=$U$2,$E5=$U$2)),1,0) -> 1 | V5: =IF(AND(F5=0,OR(AND($A5=$U$2,$B5>$D5),AND($E5=$U$2,$D5>$B5))),1,0) -> 1 | W5: =IF(AND(F5=0,U5=1,$B5=$D5),1,0) -> 0 | X5: =IF(AND(F5=0,OR(AND($A5=$U$2,$B5<$D5),AND($E5=$U$2,$D5<$B5))),1,0) -> 0 | Y5: =IF(F5>0,0,IF($A5=$U$2,$B5,IF($E5=$U$2,$D5,0))) -> 3 | Z5: =IF(F5>0,0,IF($A5=$U$2,$D5,IF($E5=$U$2,$B5,0))) -> 0 | AB5: =IF(AND(F5=0,OR($A5=$AB$2,$E5=$AB$2)),1,0) -> 1 | AC5: =IF(AND(F5=0,OR(AND($A5=$AB$2,$B5>$D5),AND($E5=$AB$2,$D5>$B5))),1,0) -> 0 | AD5: =IF(AND(F5=0,AB5=1,$B5=$D5),1,0) -> 0 | AE5: =IF(AND(F5=0,OR(AND($A5=$AB$2,$B5<$D5),AND($E5=$AB$2,$D5<$B5))),1,0) -> 1 | AF5: =IF(F5>0,0,IF($A5=$AB$2,$B5,IF($E5=$AB$2,$D5,0))) -> 0 | AG5: =IF(F5>0,0,IF($A5=$AB$2,$D5,IF($E5=$AB$2,$B5,0))) -> 3 | AN5: =A7&E7 -> CanadáCatar | AO5: =IF(B7=D7,0,IF(B7>D7,A7,E7)) -> 0
A6: ='- B -'!C8 -> Suiza | B6: =IF('- B -'!D8<>"",'- B -'!D8,"") -> 1 | C6: ='- B -'!E8 -> - | D6: =IF('- B -'!F8<>"",'- B -'!F8,"") -> 0 | E6: ='- B -'!G8 -> Bosnia | F6: =COUNTBLANK('- B -'!D8:'- B -'!F8) -> 0 | G6: =IF(AND(F6=0,OR($A6=$G$2,$E6=$G$2)),1,0) -> 0 | H6: =IF(AND(F6=0,OR(AND($A6=$G$2,$B6>$D6),AND($E6=$G$2,$D6>$B6))),1,0) -> 0 | I6: =IF(AND(F6=0,G6=1,$B6=$D6),1,0) -> 0 | J6: =IF(AND(F6=0,OR(AND($A6=$G$2,$B6<$D6),AND($E6=$G$2,$D6<$B6))),1,0) -> 0 | K6: =IF(F6>0,0,IF($A6=$G$2,$B6,IF($E6=$G$2,$D6,0))) -> 0 | L6: =IF(F6>0,0,IF($A6=$G$2,$D6,IF($E6=$G$2,$B6,0))) -> 0 | N6: =IF(AND(F6=0,OR($A6=$N$2,$E6=$N$2)),1,0) -> 1 | O6: =IF(AND(F6=0,OR(AND($A6=$N$2,$B6>$D6),AND($E6=$N$2,$D6>$B6))),1,0) -> 0 | P6: =IF(AND(F6=0,N6=1,$B6=$D6),1,0) -> 0 | Q6: =IF(AND(F6=0,OR(AND($A6=$N$2,$B6<$D6),AND($E6=$N$2,$D6<$B6))),1,0) -> 1 | R6: =IF(F6>0,0,IF($A6=$N$2,$B6,IF($E6=$N$2,$D6,0))) -> 0 | S6: =IF(F6>0,0,IF($A6=$N$2,$D6,IF($E6=$N$2,$B6,0))) -> 1 | U6: =IF(AND(F6=0,OR($A6=$U$2,$E6=$U$2)),1,0) -> 1 | V6: =IF(AND(F6=0,OR(AND($A6=$U$2,$B6>$D6),AND($E6=$U$2,$D6>$B6))),1,0) -> 1 | W6: =IF(AND(F6=0,U6=1,$B6=$D6),1,0) -> 0 | X6: =IF(AND(F6=0,OR(AND($A6=$U$2,$B6<$D6),AND($E6=$U$2,$D6<$B6))),1,0) -> 0 | Y6: =IF(F6>0,0,IF($A6=$U$2,$B6,IF($E6=$U$2,$D6,0))) -> 1 | Z6: =IF(F6>0,0,IF($A6=$U$2,$D6,IF($E6=$U$2,$B6,0))) -> 0 | AB6: =IF(AND(F6=0,OR($A6=$AB$2,$E6=$AB$2)),1,0) -> 0 | AC6: =IF(AND(F6=0,OR(AND($A6=$AB$2,$B6>$D6),AND($E6=$AB$2,$D6>$B6))),1,0) -> 0 | AD6: =IF(AND(F6=0,AB6=1,$B6=$D6),1,0) -> 0 | AE6: =IF(AND(F6=0,OR(AND($A6=$AB$2,$B6<$D6),AND($E6=$AB$2,$D6<$B6))),1,0) -> 0 | AF6: =IF(F6>0,0,IF($A6=$AB$2,$B6,IF($E6=$AB$2,$D6,0))) -> 0 | AG6: =IF(F6>0,0,IF($A6=$AB$2,$D6,IF($E6=$AB$2,$B6,0))) -> 0 | AN6: =A8&E8 -> SuizaCanadá | AO6: =IF(B8=D8,0,IF(B8>D8,A8,E8)) -> 0
A7: ='- B -'!C9 -> Canadá | B7: =IF('- B -'!D9<>"",'- B -'!D9,"") -> 1 | C7: ='- B -'!E9 -> - | D7: =IF('- B -'!F9<>"",'- B -'!F9,"") -> 1 | E7: ='- B -'!G9 -> Catar | F7: =COUNTBLANK('- B -'!D9:'- B -'!F9) -> 0 | G7: =IF(AND(F7=0,OR($A7=$G$2,$E7=$G$2)),1,0) -> 1 | H7: =IF(AND(F7=0,OR(AND($A7=$G$2,$B7>$D7),AND($E7=$G$2,$D7>$B7))),1,0) -> 0 | I7: =IF(AND(F7=0,G7=1,$B7=$D7),1,0) -> 1 | J7: =IF(AND(F7=0,OR(AND($A7=$G$2,$B7<$D7),AND($E7=$G$2,$D7<$B7))),1,0) -> 0 | K7: =IF(F7>0,0,IF($A7=$G$2,$B7,IF($E7=$G$2,$D7,0))) -> 1 | L7: =IF(F7>0,0,IF($A7=$G$2,$D7,IF($E7=$G$2,$B7,0))) -> 1 | N7: =IF(AND(F7=0,OR($A7=$N$2,$E7=$N$2)),1,0) -> 0 | O7: =IF(AND(F7=0,OR(AND($A7=$N$2,$B7>$D7),AND($E7=$N$2,$D7>$B7))),1,0) -> 0 | P7: =IF(AND(F7=0,N7=1,$B7=$D7),1,0) -> 0 | Q7: =IF(AND(F7=0,OR(AND($A7=$N$2,$B7<$D7),AND($E7=$N$2,$D7<$B7))),1,0) -> 0 | R7: =IF(F7>0,0,IF($A7=$N$2,$B7,IF($E7=$N$2,$D7,0))) -> 0 | S7: =IF(F7>0,0,IF($A7=$N$2,$D7,IF($E7=$N$2,$B7,0))) -> 0 | U7: =IF(AND(F7=0,OR($A7=$U$2,$E7=$U$2)),1,0) -> 0 | V7: =IF(AND(F7=0,OR(AND($A7=$U$2,$B7>$D7),AND($E7=$U$2,$D7>$B7))),1,0) -> 0 | W7: =IF(AND(F7=0,U7=1,$B7=$D7),1,0) -> 0 | X7: =IF(AND(F7=0,OR(AND($A7=$U$2,$B7<$D7),AND($E7=$U$2,$D7<$B7))),1,0) -> 0 | Y7: =IF(F7>0,0,IF($A7=$U$2,$B7,IF($E7=$U$2,$D7,0))) -> 0 | Z7: =IF(F7>0,0,IF($A7=$U$2,$D7,IF($E7=$U$2,$B7,0))) -> 0 | AB7: =IF(AND(F7=0,OR($A7=$AB$2,$E7=$AB$2)),1,0) -> 1 | AC7: =IF(AND(F7=0,OR(AND($A7=$AB$2,$B7>$D7),AND($E7=$AB$2,$D7>$B7))),1,0) -> 0 | AD7: =IF(AND(F7=0,AB7=1,$B7=$D7),1,0) -> 1 | AE7: =IF(AND(F7=0,OR(AND($A7=$AB$2,$B7<$D7),AND($E7=$AB$2,$D7<$B7))),1,0) -> 0 | AF7: =IF(F7>0,0,IF($A7=$AB$2,$B7,IF($E7=$AB$2,$D7,0))) -> 1 | AG7: =IF(F7>0,0,IF($A7=$AB$2,$D7,IF($E7=$AB$2,$B7,0))) -> 1 | AN7: =A9&E9 -> BosniaCatar | AO7: =IF(B9=D9,0,IF(B9>D9,A9,E9)) -> Bosnia
A8: ='- B -'!C10 -> Suiza | B8: =IF('- B -'!D10<>"",'- B -'!D10,"") -> 1 | C8: ='- B -'!E10 -> - | D8: =IF('- B -'!F10<>"",'- B -'!F10,"") -> 1 | E8: ='- B -'!G10 -> Canadá | F8: =COUNTBLANK('- B -'!D10:'- B -'!F10) -> 0 | G8: =IF(AND(F8=0,OR($A8=$G$2,$E8=$G$2)),1,0) -> 1 | H8: =IF(AND(F8=0,OR(AND($A8=$G$2,$B8>$D8),AND($E8=$G$2,$D8>$B8))),1,0) -> 0 | I8: =IF(AND(F8=0,G8=1,$B8=$D8),1,0) -> 1 | J8: =IF(AND(F8=0,OR(AND($A8=$G$2,$B8<$D8),AND($E8=$G$2,$D8<$B8))),1,0) -> 0 | K8: =IF(F8>0,0,IF($A8=$G$2,$B8,IF($E8=$G$2,$D8,0))) -> 1 | L8: =IF(F8>0,0,IF($A8=$G$2,$D8,IF($E8=$G$2,$B8,0))) -> 1 | N8: =IF(AND(F8=0,OR($A8=$N$2,$E8=$N$2)),1,0) -> 0 | O8: =IF(AND(F8=0,OR(AND($A8=$N$2,$B8>$D8),AND($E8=$N$2,$D8>$B8))),1,0) -> 0 | P8: =IF(AND(F8=0,N8=1,$B8=$D8),1,0) -> 0 | Q8: =IF(AND(F8=0,OR(AND($A8=$N$2,$B8<$D8),AND($E8=$N$2,$D8<$B8))),1,0) -> 0 | R8: =IF(F8>0,0,IF($A8=$N$2,$B8,IF($E8=$N$2,$D8,0))) -> 0 | S8: =IF(F8>0,0,IF($A8=$N$2,$D8,IF($E8=$N$2,$B8,0))) -> 0 | U8: =IF(AND(F8=0,OR($A8=$U$2,$E8=$U$2)),1,0) -> 1 | V8: =IF(AND(F8=0,OR(AND($A8=$U$2,$B8>$D8),AND($E8=$U$2,$D8>$B8))),1,0) -> 0 | W8: =IF(AND(F8=0,U8=1,$B8=$D8),1,0) -> 1 | X8: =IF(AND(F8=0,OR(AND($A8=$U$2,$B8<$D8),AND($E8=$U$2,$D8<$B8))),1,0) -> 0 | Y8: =IF(F8>0,0,IF($A8=$U$2,$B8,IF($E8=$U$2,$D8,0))) -> 1 | Z8: =IF(F8>0,0,IF($A8=$U$2,$D8,IF($E8=$U$2,$B8,0))) -> 1 | AB8: =IF(AND(F8=0,OR($A8=$AB$2,$E8=$AB$2)),1,0) -> 0 | AC8: =IF(AND(F8=0,OR(AND($A8=$AB$2,$B8>$D8),AND($E8=$AB$2,$D8>$B8))),1,0) -> 0 | AD8: =IF(AND(F8=0,AB8=1,$B8=$D8),1,0) -> 0 | AE8: =IF(AND(F8=0,OR(AND($A8=$AB$2,$B8<$D8),AND($E8=$AB$2,$D8<$B8))),1,0) -> 0 | AF8: =IF(F8>0,0,IF($A8=$AB$2,$B8,IF($E8=$AB$2,$D8,0))) -> 0 | AG8: =IF(F8>0,0,IF($A8=$AB$2,$D8,IF($E8=$AB$2,$B8,0))) -> 0 | AN8: =E4&A4 -> BosniaCanadá | AO8: =IF(B4=D4,0,IF(B4>D4,A4,E4)) -> Canadá
A9: ='- B -'!C11 -> Bosnia | B9: =IF('- B -'!D11<>"",'- B -'!D11,"") -> 3 | C9: ='- B -'!E11 -> - | D9: =IF('- B -'!F11<>"",'- B -'!F11,"") -> 1 | E9: ='- B -'!G11 -> Catar | F9: =COUNTBLANK('- B -'!D11:'- B -'!F11) -> 0 | G9: =IF(AND(F9=0,OR($A9=$G$2,$E9=$G$2)),1,0) -> 0 | H9: =IF(AND(F9=0,OR(AND($A9=$G$2,$B9>$D9),AND($E9=$G$2,$D9>$B9))),1,0) -> 0 | I9: =IF(AND(F9=0,G9=1,$B9=$D9),1,0) -> 0 | J9: =IF(AND(F9=0,OR(AND($A9=$G$2,$B9<$D9),AND($E9=$G$2,$D9<$B9))),1,0) -> 0 | K9: =IF(F9>0,0,IF($A9=$G$2,$B9,IF($E9=$G$2,$D9,0))) -> 0 | L9: =IF(F9>0,0,IF($A9=$G$2,$D9,IF($E9=$G$2,$B9,0))) -> 0 | N9: =IF(AND(F9=0,OR($A9=$N$2,$E9=$N$2)),1,0) -> 1 | O9: =IF(AND(F9=0,OR(AND($A9=$N$2,$B9>$D9),AND($E9=$N$2,$D9>$B9))),1,0) -> 1 | P9: =IF(AND(F9=0,N9=1,$B9=$D9),1,0) -> 0 | Q9: =IF(AND(F9=0,OR(AND($A9=$N$2,$B9<$D9),AND($E9=$N$2,$D9<$B9))),1,0) -> 0 | R9: =IF(F9>0,0,IF($A9=$N$2,$B9,IF($E9=$N$2,$D9,0))) -> 3 | S9: =IF(F9>0,0,IF($A9=$N$2,$D9,IF($E9=$N$2,$B9,0))) -> 1 | U9: =IF(AND(F9=0,OR($A9=$U$2,$E9=$U$2)),1,0) -> 0 | V9: =IF(AND(F9=0,OR(AND($A9=$U$2,$B9>$D9),AND($E9=$U$2,$D9>$B9))),1,0) -> 0 | W9: =IF(AND(F9=0,U9=1,$B9=$D9),1,0) -> 0 | X9: =IF(AND(F9=0,OR(AND($A9=$U$2,$B9<$D9),AND($E9=$U$2,$D9<$B9))),1,0) -> 0 | Y9: =IF(F9>0,0,IF($A9=$U$2,$B9,IF($E9=$U$2,$D9,0))) -> 0 | Z9: =IF(F9>0,0,IF($A9=$U$2,$D9,IF($E9=$U$2,$B9,0))) -> 0 | AB9: =IF(AND(F9=0,OR($A9=$AB$2,$E9=$AB$2)),1,0) -> 1 | AC9: =IF(AND(F9=0,OR(AND($A9=$AB$2,$B9>$D9),AND($E9=$AB$2,$D9>$B9))),1,0) -> 0 | AD9: =IF(AND(F9=0,AB9=1,$B9=$D9),1,0) -> 0 | AE9: =IF(AND(F9=0,OR(AND($A9=$AB$2,$B9<$D9),AND($E9=$AB$2,$D9<$B9))),1,0) -> 1 | AF9: =IF(F9>0,0,IF($A9=$AB$2,$B9,IF($E9=$AB$2,$D9,0))) -> 1 | AG9: =IF(F9>0,0,IF($A9=$AB$2,$D9,IF($E9=$AB$2,$B9,0))) -> 3 | AN9: =E5&A5 -> SuizaCatar | AO9: =IF(B5=D5,0,IF(B5>D5,A5,E5)) -> Suiza
G10: =SUM(G4:G9) -> 3 | H10: =SUM(H4:H9) -> 1 | I10: =SUM(I4:I9) -> 2 | J10: =SUM(J4:J9) -> 0 | K10: =SUM(K4:K9) -> 4 | L10: =SUM(L4:L9) -> 2 | M10: =H10*3+I10 -> 5 | N10: =SUM(N4:N9) -> 3 | O10: =SUM(O4:O9) -> 1 | P10: =SUM(P4:P9) -> 0 | Q10: =SUM(Q4:Q9) -> 2 | R10: =SUM(R4:R9) -> 3 | S10: =SUM(S4:S9) -> 4 | T10: =O10*3+P10 -> 3 | U10: =SUM(U4:U9) -> 3 | V10: =SUM(V4:V9) -> 2 | W10: =SUM(W4:W9) -> 1 | X10: =SUM(X4:X9) -> 0 | Y10: =SUM(Y4:Y9) -> 5 | Z10: =SUM(Z4:Z9) -> 1 | AA10: =V10*3+W10 -> 7 | AB10: =SUM(AB4:AB9) -> 3 | AC10: =SUM(AC4:AC9) -> 0 | AD10: =SUM(AD4:AD9) -> 1 | AE10: =SUM(AE4:AE9) -> 2 | AF10: =SUM(AF4:AF9) -> 2 | AG10: =SUM(AG4:AG9) -> 7 | AH10: =AC10*3+AD10 -> 1 | AN10: =E6&A6 -> BosniaSuiza | AO10: =IF(B6=D6,0,IF(B6>D6,A6,E6)) -> Suiza
M11: Pts | T11: Pts | AA11: Pts | AH11: Pts | AN11: =E7&A7 -> CatarCanadá | AO11: =IF(B7=D7,0,IF(B7>D7,A7,E7)) -> 0
AN12: =E8&A8 -> CanadáSuiza | AO12: =IF(B8=D8,0,IF(B8>D8,A8,E8)) -> 0
AN13: =E9&A9 -> CatarBosnia | AO13: =IF(B9=D9,0,IF(B9>D9,A9,E9)) -> Bosnia
F14: tabla preliminar
A15: Aca Organiza el grupo por PUNTOS | G15: J | H15: G | I15: E | J15: P | K15: GF | L15: GC | M15: Pts | O15: sort 1-2===== | S15: sort 1-3===== | W15: sort 1-4===== | AA15: sort 2-3===== | AE15: sort 2-4===== | AI15: sort 3-4=====
F16: =G2 -> Canadá | G16: =G10 -> 3 | H16: =H10 -> 1 | I16: =I10 -> 2 | J16: =J10 -> 0 | K16: =K10 -> 4 | L16: =L10 -> 2 | M16: =M10 -> 5 | O16: =IF($M16>=$M17,$F16,$F17) -> Canadá | P16: =VLOOKUP(O16,$F$16:$M$20,8,FALSE) -> 5 | S16: =IF($P16>=$P18,$O16,$O18) -> Suiza | T16: =VLOOKUP(S16,$O$16:$P$20,2,FALSE) -> 7 | W16: =IF($T16>=$T19,$S16,$S19) -> Suiza | X16: =VLOOKUP(W16,$S$16:$T$20,2,FALSE) -> 7 | AA16: =W16 -> Suiza | AB16: =VLOOKUP(AA16,W16:X20,2,FALSE) -> 7 | AE16: =AA16 -> Suiza | AF16: =VLOOKUP(AE16,AA16:AB20,2,FALSE) -> 7 | AI16: =AE16 -> Suiza | AJ16: =VLOOKUP(AI16,AE16:AF20,2,FALSE) -> 7
F17: =N2 -> Bosnia | G17: =N10 -> 3 | H17: =O10 -> 1 | I17: =P10 -> 0 | J17: =Q10 -> 2 | K17: =R10 -> 3 | L17: =S10 -> 4 | M17: =T10 -> 3 | O17: =IF($M17<=$M16,$F17,$F16) -> Bosnia | P17: =VLOOKUP(O17,$F$16:$M$20,8,FALSE) -> 3 | S17: =O17 -> Bosnia | T17: =VLOOKUP(S17,$O$16:$P$20,2,FALSE) -> 3 | W17: =S17 -> Bosnia | X17: =VLOOKUP(W17,$S$16:$T$20,2,FALSE) -> 3 | AA17: =IF(X17>=X18,W17,W18) -> Canadá | AB17: =VLOOKUP(AA17,W16:X20,2,FALSE) -> 5 | AE17: =IF(AB17>=AB19,AA17,AA19) -> Canadá | AF17: =VLOOKUP(AE17,AA16:AB20,2,FALSE) -> 5 | AI17: =AE17 -> Canadá | AJ17: =VLOOKUP(AI17,AE16:AF20,2,FALSE) -> 5
F18: =U2 -> Suiza | G18: =U10 -> 3 | H18: =V10 -> 2 | I18: =W10 -> 1 | J18: =X10 -> 0 | K18: =Y10 -> 5 | L18: =Z10 -> 1 | M18: =AA10 -> 7 | O18: =F18 -> Suiza | P18: =VLOOKUP(O18,$F$16:$M$20,8,FALSE) -> 7 | S18: =IF($P18<=$P16,$O18,$O16) -> Canadá | T18: =VLOOKUP(S18,$O$16:$P$20,2,FALSE) -> 5 | W18: =S18 -> Canadá | X18: =VLOOKUP(W18,$S$16:$T$20,2,FALSE) -> 5 | AA18: =IF(X18<=X17,W18,W17) -> Bosnia | AB18: =VLOOKUP(AA18,W16:X20,2,FALSE) -> 3 | AE18: =AA18 -> Bosnia | AF18: =VLOOKUP(AE18,AA16:AB20,2,FALSE) -> 3 | AI18: =IF(AF18>=AF19,AE18,AE19) -> Bosnia | AJ18: =VLOOKUP(AI18,AE16:AF20,2,FALSE) -> 3
F19: =AB2 -> Catar | G19: =AB10 -> 3 | H19: =AC10 -> 0 | I19: =AD10 -> 1 | J19: =AE10 -> 2 | K19: =AF10 -> 2 | L19: =AG10 -> 7 | M19: =AH10 -> 1 | O19: =F19 -> Catar | P19: =VLOOKUP(O19,$F$16:$M$20,8,FALSE) -> 1 | S19: =O19 -> Catar | T19: =VLOOKUP(S19,$O$16:$P$20,2,FALSE) -> 1 | W19: =IF($T19<=$T16,$S19,$S16) -> Catar | X19: =VLOOKUP(W19,$S$16:$T$20,2,FALSE) -> 1 | AA19: =W19 -> Catar | AB19: =VLOOKUP(AA19,W16:X20,2,FALSE) -> 1 | AE19: =IF(AB19<=AB17,AA19,AA17) -> Catar | AF19: =VLOOKUP(AE19,AA16:AB20,2,FALSE) -> 1 | AI19: =IF(AF19<=AF18,AE19,AE18) -> Catar | AJ19: =VLOOKUP(AI19,AE16:AF20,2,FALSE) -> 1
A22: Aca Organiza el grupo por PUNTOS Y Dif | J22: Pts | K22: GF | L22: GC | M22: Dif | P22: Pts | Q22: Dif | T22: Pts | U22: Dif | X22: Pts | Y22: Dif | AB22: Pts | AC22: Dif | AF22: Pts | AG22: Dif | AJ22: Pts | AK22: Dif
F23: =AI16 -> Suiza | J23: =AJ16 -> 7 | K23: =VLOOKUP(AI16,$F$16:$M$20,6,FALSE) -> 5 | L23: =VLOOKUP(AI16,$F$16:$M$20,7,FALSE) -> 1 | M23: =K23-L23 -> 4 | O23: =IF(AND($J23=$J24,$M24>$M23),$F24,$F23) -> Suiza | P23: =VLOOKUP(O23,$F$23:$M$27,5,FALSE) -> 7 | Q23: =VLOOKUP(O23,$F$23:$M$27,8,FALSE) -> 4 | S23: =IF(AND(P23=P25,Q25>Q23),O25,O23) -> Suiza | T23: =VLOOKUP(S23,$O$23:$Q$27,2,FALSE) -> 7 | U23: =VLOOKUP(S23,$O$23:$Q$27,3,FALSE) -> 4 | W23: =IF(AND(T23=T26,U26>U23),S26,S23) -> Suiza | X23: =VLOOKUP(W23,$S$23:$U$27,2,FALSE) -> 7 | Y23: =VLOOKUP(W23,$S$23:$U$27,3,FALSE) -> 4 | AA23: =W23 -> Suiza | AB23: =VLOOKUP(AA23,W23:Y27,2,FALSE) -> 7 | AC23: =VLOOKUP(AA23,W23:Y27,3,FALSE) -> 4 | AE23: =AA23 -> Suiza | AF23: =VLOOKUP(AE23,AA23:AC27,2,FALSE) -> 7 | AG23: =VLOOKUP(AE23,AA23:AC27,3,FALSE) -> 4 | AI23: =AE23 -> Suiza | AJ23: =VLOOKUP(AI23,AE23:AG27,2,FALSE) -> 7 | AK23: =VLOOKUP(AI23,AE23:AG27,3,FALSE) -> 4
F24: =AI17 -> Canadá | J24: =AJ17 -> 5 | K24: =VLOOKUP(AI17,$F$16:$M$20,6,FALSE) -> 4 | L24: =VLOOKUP(AI17,$F$16:$M$20,7,FALSE) -> 2 | M24: =K24-L24 -> 2 | O24: =IF(AND($J23=$J24,$M24>$M23),$F23,$F24) -> Canadá | P24: =VLOOKUP(O24,$F$23:$M$27,5,FALSE) -> 5 | Q24: =VLOOKUP(O24,$F$23:$M$27,8,FALSE) -> 2 | S24: =O24 -> Canadá | T24: =VLOOKUP(S24,$O$23:$Q$27,2,FALSE) -> 5 | U24: =VLOOKUP(S24,$O$23:$Q$27,3,FALSE) -> 2 | W24: =S24 -> Canadá | X24: =VLOOKUP(W24,$S$23:$U$27,2,FALSE) -> 5 | Y24: =VLOOKUP(W24,$S$23:$U$27,3,FALSE) -> 2 | AA24: =IF(AND(X24=X25,Y25>Y24),W25,W24) -> Canadá | AB24: =VLOOKUP(AA24,W23:Y27,2,FALSE) -> 5 | AC24: =VLOOKUP(AA24,W23:Y27,3,FALSE) -> 2 | AE24: =IF(AND(AB24=AB26,AC26>AC24),AA26,AA24) -> Canadá | AF24: =VLOOKUP(AE24,AA23:AC27,2,FALSE) -> 5 | AG24: =VLOOKUP(AE24,AA23:AC27,3,FALSE) -> 2 | AI24: =AE24 -> Canadá | AJ24: =VLOOKUP(AI24,AE23:AG27,2,FALSE) -> 5 | AK24: =VLOOKUP(AI24,AE23:AG27,3,FALSE) -> 2
F25: =AI18 -> Bosnia | J25: =AJ18 -> 3 | K25: =VLOOKUP(AI18,$F$16:$M$20,6,FALSE) -> 3 | L25: =VLOOKUP(AI18,$F$16:$M$20,7,FALSE) -> 4 | M25: =K25-L25 -> -1 | O25: =F25 -> Bosnia | P25: =VLOOKUP(O25,$F$23:$M$27,5,FALSE) -> 3 | Q25: =VLOOKUP(O25,$F$23:$M$27,8,FALSE) -> -1 | S25: =IF(AND($P23=P25,Q25>Q23),O23,O25) -> Bosnia | T25: =VLOOKUP(S25,$O$23:$Q$27,2,FALSE) -> 3 | U25: =VLOOKUP(S25,$O$23:$Q$27,3,FALSE) -> -1 | W25: =S25 -> Bosnia | X25: =VLOOKUP(W25,$S$23:$U$27,2,FALSE) -> 3 | Y25: =VLOOKUP(W25,$S$23:$U$27,3,FALSE) -> -1 | AA25: =IF(AND(X24=X25,Y25>Y24),W24,W25) -> Bosnia | AB25: =VLOOKUP(AA25,W23:Y27,2,FALSE) -> 3 | AC25: =VLOOKUP(AA25,W23:Y27,3,FALSE) -> -1 | AE25: =AA25 -> Bosnia | AF25: =VLOOKUP(AE25,AA23:AC27,2,FALSE) -> 3 | AG25: =VLOOKUP(AE25,AA23:AC27,3,FALSE) -> -1 | AI25: =IF(AND(AF25=AF26,AG26>AG25),AE26,AE25) -> Bosnia | AJ25: =VLOOKUP(AI25,AE23:AG27,2,FALSE) -> 3 | AK25: =VLOOKUP(AI25,AE23:AG27,3,FALSE) -> -1
F26: =AI19 -> Catar | J26: =AJ19 -> 1 | K26: =VLOOKUP(AI19,$F$16:$M$20,6,FALSE) -> 2 | L26: =VLOOKUP(AI19,$F$16:$M$20,7,FALSE) -> 7 | M26: =K26-L26 -> -5 | O26: =F26 -> Catar | P26: =VLOOKUP(O26,$F$23:$M$27,5,FALSE) -> 1 | Q26: =VLOOKUP(O26,$F$23:$M$27,8,FALSE) -> -5 | S26: =O26 -> Catar | T26: =VLOOKUP(S26,$O$23:$Q$27,2,FALSE) -> 1 | U26: =VLOOKUP(S26,$O$23:$Q$27,3,FALSE) -> -5 | W26: =IF(AND(T23=T26,U26>U23),S23,S26) -> Catar | X26: =VLOOKUP(W26,$S$23:$U$27,2,FALSE) -> 1 | Y26: =VLOOKUP(W26,$S$23:$U$27,3,FALSE) -> -5 | AA26: =W26 -> Catar | AB26: =VLOOKUP(AA26,W23:Y27,2,FALSE) -> 1 | AC26: =VLOOKUP(AA26,W23:Y27,3,FALSE) -> -5 | AE26: =IF(AND(AB24=AB26,AC26>AC24),AA24,AA26) -> Catar | AF26: =VLOOKUP(AE26,AA23:AC27,2,FALSE) -> 1 | AG26: =VLOOKUP(AE26,AA23:AC27,3,FALSE) -> -5 | AI26: =IF(AND(AF25=AF26,AG26>AG25),AE25,AE26) -> Catar | AJ26: =VLOOKUP(AI26,AE23:AG27,2,FALSE) -> 1 | AK26: =VLOOKUP(AI26,AE23:AG27,3,FALSE) -> -5
A29: Aca Organiza el grupo por Pts y Dif y GF | J29: Pts | K29: GF | L29: GC | M29: Dif | P29: Pts | Q29: Dif | R29: GF | T29: Pts | U29: Dif | V29: GF | X29: Pts | Y29: Dif | Z29: GF | AB29: Pts | AC29: Dif | AD29: GF | AF29: Pts | AG29: Dif | AH29: GF | AJ29: Pts | AK29: Dif | AL29: GF | AN29: Ponderado | AO29: sort 1-2 | AQ29: sort 2-3 | AS29: sort 1-3 | AV29: Ponderado Fin | AW29: #
F30: =AI23 -> Suiza | J30: =VLOOKUP(F30,$F$16:$M$20,8,FALSE) -> 7 | K30: =VLOOKUP(F30,$F$16:$M$20,6,FALSE) -> 5 | L30: =VLOOKUP(F30,$F$16:$M$20,7,FALSE) -> 1 | M30: =K30-L30 -> 4 | O30: =IF(AND(J30=J31,M30=M31,K31>K30),F31,F30) -> Suiza | P30: =VLOOKUP(O30,$F$30:$M$34,5,FALSE) -> 7 | Q30: =VLOOKUP(O30,$F$30:$M$34,8,FALSE) -> 4 | R30: =VLOOKUP(O30,$F$30:$M$34,6,FALSE) -> 5 | S30: =IF(AND(P30=P32,Q30=Q32,R32>R30),O32,O30) -> Suiza | T30: =VLOOKUP(S30,$O$30:$R$34,2,FALSE) -> 7 | U30: =VLOOKUP(S30,$O$30:$R$34,3,FALSE) -> 4 | V30: =VLOOKUP(S30,$O$30:$R$34,4,FALSE) -> 5 | W30: =IF(AND(T30=T33,U30=U33,V33>V30),S33,S30) -> Suiza | X30: =VLOOKUP(W30,$S$30:$V$34,2,FALSE) -> 7 | Y30: =VLOOKUP(W30,$S$30:$V$34,3,FALSE) -> 4 | Z30: =VLOOKUP(W30,$S$30:$V$34,4,FALSE) -> 5 | AA30: =W30 -> Suiza | AB30: =VLOOKUP(AA30,W30:Z34,2,FALSE) -> 7 | AC30: =VLOOKUP(AA30,W30:Z34,3,FALSE) -> 4 | AD30: =VLOOKUP(AA30,W30:Z34,4,FALSE) -> 5 | AE30: =AA30 -> Suiza | AF30: =VLOOKUP(AE30,AA30:AD34,2,FALSE) -> 7 | AG30: =VLOOKUP(AE30,AA30:AD34,3,FALSE) -> 4 | AH30: =VLOOKUP(AE30,AA30:AD34,4,FALSE) -> 5 | AI30: =AE30 -> Suiza | AJ30: =VLOOKUP(AI30,AE30:AH34,2,FALSE) -> 7 | AK30: =VLOOKUP(AI30,AE30:AH34,3,FALSE) -> 4 | AL30: =VLOOKUP(AI30,AE30:AH34,4,FALSE) -> 5 | AN30: =(AJ30*1000)+(AK30*100)+AL30 -> 7405 | AO30: =IF($AN30=$AN31,VLOOKUP($AI30&$AI31,$AN$2:$AO$13,2,0),0) -> 0 | AP30: =IF(AO30=$AI30,1,0) -> 0 | AS30: =IF($AN30=$AN32,VLOOKUP($AI30&$AI32,$AN$2:$AO$13,2,0),0) -> 0 | AT30: =IF(AS30=$AI30,1,0) -> 0 | AV30: =SUM(AN30,AP30,AR30,AT30) -> 7405 | AW30: =RANK(AV30,$AV$30:$AV$33,0) -> 1 | AX30: =AI30 -> Suiza
F31: =AI24 -> Canadá | J31: =VLOOKUP(F31,$F$16:$M$20,8,FALSE) -> 5 | K31: =VLOOKUP(F31,$F$16:$M$20,6,FALSE) -> 4 | L31: =VLOOKUP(F31,$F$16:$M$20,7,FALSE) -> 2 | M31: =K31-L31 -> 2 | O31: =IF(AND(J30=J31,M30=M31,K31>K30),F30,F31) -> Canadá | P31: =VLOOKUP(O31,$F$30:$M$34,5,FALSE) -> 5 | Q31: =VLOOKUP(O31,$F$30:$M$34,8,FALSE) -> 2 | R31: =VLOOKUP(O31,$F$30:$M$34,6,FALSE) -> 4 | S31: =O31 -> Canadá | T31: =VLOOKUP(S31,$O$30:$R$34,2,FALSE) -> 5 | U31: =VLOOKUP(S31,$O$30:$R$34,3,FALSE) -> 2 | V31: =VLOOKUP(S31,$O$30:$R$34,4,FALSE) -> 4 | W31: =S31 -> Canadá | X31: =VLOOKUP(W31,$S$30:$V$34,2,FALSE) -> 5 | Y31: =VLOOKUP(W31,$S$30:$V$34,3,FALSE) -> 2 | Z31: =VLOOKUP(W31,$S$30:$V$34,4,FALSE) -> 4 | AA31: =IF(AND(X31=X32,Y31=Y32,Z32>Z31),W32,W31) -> Canadá | AB31: =VLOOKUP(AA31,W30:Z34,2,FALSE) -> 5 | AC31: =VLOOKUP(AA31,W30:Z34,3,FALSE) -> 2 | AD31: =VLOOKUP(AA31,W30:Z34,4,FALSE) -> 4 | AE31: =IF(AND(AB31=AB33,AC31=AC33,AD33>AD31),AA33,AA31) -> Canadá | AF31: =VLOOKUP(AE31,AA30:AD34,2,FALSE) -> 5 | AG31: =VLOOKUP(AE31,AA30:AD34,3,FALSE) -> 2 | AH31: =VLOOKUP(AE31,AA30:AD34,4,FALSE) -> 4 | AI31: =AE31 -> Canadá | AJ31: =VLOOKUP(AI31,AE30:AH34,2,FALSE) -> 5 | AK31: =VLOOKUP(AI31,AE30:AH34,3,FALSE) -> 2 | AL31: =VLOOKUP(AI31,AE30:AH34,4,FALSE) -> 4 | AN31: =(AJ31*1000)+(AK31*100)+AL31 -> 5204 | AO31: =IF($AN31=$AN30,VLOOKUP($AI31&$AI30,$AN$2:$AO$13,2,0),0) -> 0 | AP31: =IF(AO31=$AI31,1,0) -> 0 | AQ31: =IF($AN31=$AN32,VLOOKUP($AI31&$AI32,$AN$2:$AO$13,2,0),0) -> 0 | AR31: =IF(AQ31=$AI31,1,0) -> 0 | AV31: =SUM(AN31,AP31,AR31,AT31) -> 5204 | AW31: =RANK(AV31,$AV$30:$AV$33,0) -> 2 | AX31: =AI31 -> Canadá
F32: =AI25 -> Bosnia | J32: =VLOOKUP(F32,$F$16:$M$20,8,FALSE) -> 3 | K32: =VLOOKUP(F32,$F$16:$M$20,6,FALSE) -> 3 | L32: =VLOOKUP(F32,$F$16:$M$20,7,FALSE) -> 4 | M32: =K32-L32 -> -1 | O32: =F32 -> Bosnia | P32: =VLOOKUP(O32,$F$30:$M$34,5,FALSE) -> 3 | Q32: =VLOOKUP(O32,$F$30:$M$34,8,FALSE) -> -1 | R32: =VLOOKUP(O32,$F$30:$M$34,6,FALSE) -> 3 | S32: =IF(AND(P30=P32,Q30=Q32,R32>R30),O30,O32) -> Bosnia | T32: =VLOOKUP(S32,$O$30:$R$34,2,FALSE) -> 3 | U32: =VLOOKUP(S32,$O$30:$R$34,3,FALSE) -> -1 | V32: =VLOOKUP(S32,$O$30:$R$34,4,FALSE) -> 3 | W32: =S32 -> Bosnia | X32: =VLOOKUP(W32,$S$30:$V$34,2,FALSE) -> 3 | Y32: =VLOOKUP(W32,$S$30:$V$34,3,FALSE) -> -1 | Z32: =VLOOKUP(W32,$S$30:$V$34,4,FALSE) -> 3 | AA32: =IF(AND(X31=X32,Y31=Y32,Z32>Z31),W31,W32) -> Bosnia | AB32: =VLOOKUP(AA32,W30:Z34,2,FALSE) -> 3 | AC32: =VLOOKUP(AA32,W30:Z34,3,FALSE) -> -1 | AD32: =VLOOKUP(AA32,W30:Z34,4,FALSE) -> 3 | AE32: =AA32 -> Bosnia | AF32: =VLOOKUP(AE32,AA30:AD34,2,FALSE) -> 3 | AG32: =VLOOKUP(AE32,AA30:AD34,3,FALSE) -> -1 | AH32: =VLOOKUP(AE32,AA30:AD34,4,FALSE) -> 3 | AI32: =IF(AND(AF32=AF33,AG32=AG33,AH33>AH32),AE33,AE32) -> Bosnia | AJ32: =VLOOKUP(AI32,AE30:AH34,2,FALSE) -> 3 | AK32: =VLOOKUP(AI32,AE30:AH34,3,FALSE) -> -1 | AL32: =VLOOKUP(AI32,AE30:AH34,4,FALSE) -> 3 | AN32: =(AJ32*1000)+(AK32*100)+AL32 -> 2903 | AQ32: =IF($AN32=$AN31,VLOOKUP($AI32&$AI31,$AN$2:$AO$13,2,0),0) -> 0 | AR32: =IF(AQ32=$AI32,1,0) -> 0 | AS32: =IF($AN32=$AN30,VLOOKUP($AI32&$AI30,$AN$2:$AO$13,2,0),0) -> 0 | AT32: =IF(AS32=$AI32,1,0) -> 0 | AV32: =SUM(AN32,AP32,AR32,AT32) -> 2903 | AW32: =RANK(AV32,$AV$30:$AV$33,0) -> 3 | AX32: =AI32 -> Bosnia
F33: =AI26 -> Catar | J33: =VLOOKUP(F33,$F$16:$M$20,8,FALSE) -> 1 | K33: =VLOOKUP(F33,$F$16:$M$20,6,FALSE) -> 2 | L33: =VLOOKUP(F33,$F$16:$M$20,7,FALSE) -> 7 | M33: =K33-L33 -> -5 | O33: =F33 -> Catar | P33: =VLOOKUP(O33,$F$30:$M$34,5,FALSE) -> 1 | Q33: =VLOOKUP(O33,$F$30:$M$34,8,FALSE) -> -5 | R33: =VLOOKUP(O33,$F$30:$M$34,6,FALSE) -> 2 | S33: =O33 -> Catar | T33: =VLOOKUP(S33,$O$30:$R$34,2,FALSE) -> 1 | U33: =VLOOKUP(S33,$O$30:$R$34,3,FALSE) -> -5 | V33: =VLOOKUP(S33,$O$30:$R$34,4,FALSE) -> 2 | W33: =IF(AND(T30=T33,U30=U33,V33>V30),S30,S33) -> Catar | X33: =VLOOKUP(W33,$S$30:$V$34,2,FALSE) -> 1 | Y33: =VLOOKUP(W33,$S$30:$V$34,3,FALSE) -> -5 | Z33: =VLOOKUP(W33,$S$30:$V$34,4,FALSE) -> 2 | AA33: =W33 -> Catar | AB33: =VLOOKUP(AA33,W30:Z34,2,FALSE) -> 1 | AC33: =VLOOKUP(AA33,W30:Z34,3,FALSE) -> -5 | AD33: =VLOOKUP(AA33,W30:Z34,4,FALSE) -> 2 | AE33: =IF(AND(AB31=AB33,AC31=AC33,AD33>AD31),AA31,AA33) -> Catar | AF33: =VLOOKUP(AE33,AA30:AD34,2,FALSE) -> 1 | AG33: =VLOOKUP(AE33,AA30:AD34,3,FALSE) -> -5 | AH33: =VLOOKUP(AE33,AA30:AD34,4,FALSE) -> 2 | AI33: =IF(AND(AF32=AF33,AG32=AG33,AH33>AH32),AE32,AE33) -> Catar | AJ33: =VLOOKUP(AI33,AE30:AH34,2,FALSE) -> 1 | AK33: =VLOOKUP(AI33,AE30:AH34,3,FALSE) -> -5 | AL33: =VLOOKUP(AI33,AE30:AH34,4,FALSE) -> 2 | AN33: =(AJ33*1000)+(AK33*100)+AL33 -> 502 | AV33: =SUM(AN33,AP33,AR33,AT33) -> 502 | AW33: =RANK(AV33,$AV$30:$AV$33,0) -> 4 | AX33: =AI33 -> Catar
AV35: =VLOOKUP(AW35,$AW$30:$AW$33,1,0) -> 1 | AW35: 1
